id,y
5380,4.0265213205128605
5381,13.411909874327065
5382,3.1772287396872327
5383,4.868701027121274
5384,12.120561460566037
5385,4.544622547358529
5386,26.62277859506021
5387,7.526515481274629
5388,5.282597507284429
5389,7.079309092552373
5390,9.881679101540737
5391,0.0
5392,1.748221870095482
5393,0.7930201264347625
5394,20.479595978173016
5395,10.953087002307878
5396,11.473344556999434
5397,5.394874893189005
5398,3.6180530839680536
5399,15.907109307294022
5400,10.651074980826376
5401,8.033086491445074
5402,8.269935688639647
5403,12.697382886877026
5404,16.702684390872268
5405,10.92556214038997
5406,15.974571210143086
5407,12.62676926092971
5408,3.029263593273658
5409,3.783587820539746
5410,1.9144478709105455
5411,3.940973364929552
5412,1.1817293859866744
5413,6.3145685306213855
5414,6.7085599232837465
5415,0.0
5416,5.455078274770409
5417,12.42947808974462
5418,7.886184092331262
5419,11.936097149720835
5420,10.62074683009773
5421,4.836690256153785
5422,0.0
5423,26.714962271842484
5424,11.798590556146031
5425,14.758270060581369
5426,21.123410918868586
5427,15.01097370219531
5428,4.700051778425715
5429,11.886109246139256
5430,2.050662683329069
5431,17.95901748625697
5432,5.139008848913939
5433,15.550688844223247
5434,25.996046369838105
5435,20.909432470400617
5436,0.0
5437,15.192599722610503
5438,15.046204992177952
5439,0.9750612024203331
5440,11.191684573122423
5441,8.26274166128553
5442,0.0
5443,18.38569670965192
5444,1.162653101980533
5445,9.310922387505407
5446,13.08078759169153
5447,0.0
5448,9.196366333898647
5449,0.0
5450,0.0
5451,3.9116313726652807
5452,0.0
5453,14.606176386417433
5454,23.011500973263168
5455,12.646665408338214
5456,16.552278312470378
5457,10.379092629909174
5458,12.415127705770397
5459,4.202389632437729
5460,0.8105616228374561
5461,7.249248248793436
5462,11.867900324961912
5463,8.474688610295651
5464,7.728904136062865
5465,10.657319893800711
5466,9.999759367715328
5467,8.712686217694893
5468,6.89292570460788
5469,0.0
5470,15.223749121305717
5471,1.6174848452583586
5472,13.087953750155725
5473,27.59470031596356
5474,3.065053021218162
5475,14.788225787865422
5476,9.393286085716076
5477,35.42179306074554
5478,21.29015893580789
5479,1.5385693048103137
5480,6.0420748238459625
5481,19.30597783416109
5482,2.8995227611387104
5483,1.5232652722466282
5484,13.16206522010339
5485,10.634174769619005
5486,18.261071877059653
5487,2.934454808490564
5488,4.244617076448909
5489,6.271635782252432
5490,3.3871505806694087
5491,11.518763123187108
5492,4.545018108889373
5493,5.529884022554841
5494,18.00855936680251
5495,5.402587020859336
5496,3.5067629932404287
5497,11.144870585695145
5498,3.3486395559550655
5499,13.19092026976281
5500,17.204892558723422
5501,0.0
5502,10.116228610729543
5503,0.0
5504,5.476588740678643
5505,8.2766201655833
5506,4.171742872604261
5507,2.7758868955632536
5508,10.3817773296127
5509,2.334258649308466
5510,28.902540166358783
5511,8.469892213220618
5512,13.66093006555178
5513,3.7868960842229793
5514,0.27130502204024864
5515,17.96429585240746
5516,16.49744109638746
5517,6.54441576449708
5518,6.708988920319677
5519,12.68821862931111
5520,5.43950177200774
5521,17.536517033699322
5522,4.899618856584001
5523,1.0138500639064434
5524,9.3998563290792
5525,17.159730235383787
5526,17.5472817154107
5527,1.7101469689969875
5528,5.564552961916228
5529,10.536230547572774
5530,14.26210218859782
5531,22.27401307127255
5532,9.40328623037311
5533,7.410955358039101
5534,6.64159364874272
5535,10.822711549863353
5536,10.909379902067952
5537,4.318229662122864
5538,2.8572388587929787
5539,5.636637746059746
5540,3.308115075237928
5541,24.433141234946145
5542,2.458719672691326
5543,9.334046734946144
5544,18.271969816646937
5545,0.0
5546,6.026855346874632
5547,28.374322534784632
5548,8.723713424537916
5549,8.91378770228675
5550,3.216767838412327
5551,18.348399323994506
5552,8.056054620208915
5553,2.362929722922842
5554,14.45323265565973
5555,7.526538992947119
5556,14.59712836391736
5557,4.560698089582939
5558,15.525702067027535
5559,6.579247816138581
5560,2.060942012177221
5561,2.1453519399323806
5562,14.137412564389866
5563,6.696852471843567
5564,8.748566177776945
5565,13.999952830904226
5566,19.459142592500605
5567,20.893884602398337
5568,1.906749587343949
5569,0.0
5570,1.6334767357642583
5571,15.628973956875043
5572,0.43288102856975996
5573,3.2642756966617075
5574,19.91495919493301
5575,13.4746010205704
5576,11.45986080588681
5577,4.5079652886203485
5578,2.173947678294274
5579,4.425210547008307
5580,16.343626262113617
5581,5.120830721446474
5582,18.248853303176624
5583,25.31476774623174
5584,2.038473399692103
5585,6.1131064793928935
5586,4.381397049202018
5587,18.1708604987074
5588,4.894024380672386
5589,15.560902571609923
5590,19.796376884988128
5591,2.649120305031863
5592,16.25677334608019
5593,9.401277454216055
5594,0.0
5595,8.369893789302909
5596,3.6385424796078265
5597,1.7522609450165483
5598,15.81078272632938
5599,6.184387678515625
5600,11.271247519378516
5601,17.387288494878007
5602,6.166581054755476
5603,6.357696900202889
5604,9.170461864591251
5605,8.6958613794784
5606,0.6057995969950021
5607,19.02055140098406
5608,11.146967358158278
5609,1.7916087572408506
5610,8.448741727203691
5611,13.235636372967809
5612,3.6897769553106183
5613,0.0
5614,20.334353606507488
5615,6.37739422676848
5616,9.621178140054061
5617,14.39734663452661
5618,12.023383877636473
5619,4.059332231700089
5620,6.350053770854685
5621,1.5815635125548368
5622,1.9324925041374739
5623,0.0
5624,19.12708283726354
5625,6.475856921884457
5626,7.348777532924632
5627,8.586876865230208
5628,6.867320435782686
5629,4.336544929100848
5630,4.383794798730777
5631,9.749524212612828
5632,10.385822855990146
5633,0.0
5634,5.962600927381999
5635,7.855196304995191
5636,1.857499986420378
5637,4.393220116321065
5638,12.819561834738682
5639,13.63813271044594
5640,26.46892939128334
5641,2.7908431655737047
5642,5.055938772285087
5643,6.406929745664173
5644,2.719720013387887
5645,13.399813792117664
5646,10.390136276831171
5647,14.336881819024114
5648,14.65295961183081
5649,8.365849367816525
5650,4.143188662390012
5651,29.573017963422206
5652,9.869769083109306
5653,6.090299473342325
5654,2.3202152518084613
5655,0.0
5656,3.343050558364448
5657,6.189806314935435
5658,4.784622477727992
5659,0.0
5660,6.70342369933646
5661,7.9819906194529455
5662,10.29209254323462
5663,4.221304613895585
5664,5.742677479721307
5665,0.0
5666,1.5245329928984939
5667,14.75082519258258
5668,5.595068490146769
5669,5.63887501082723
5670,5.809823248931901
5671,2.0915169061212318
5672,1.6567793996311684
5673,0.0
5674,15.137915797338898
5675,14.778068381832318
5676,21.364310654102468
5677,21.900771228904247
5678,2.453427118505993
5679,32.04278490061363
5680,14.787399362101821
5681,13.686659860300216
5682,14.210254079656194
5683,4.025553919010565
5684,13.916385899781163
5685,10.607826081920175
5686,18.496064134928616
5687,0.1539327567604527
5688,8.3807626136626
5689,21.34078834154726
5690,6.284950151177564
5691,7.396082216481546
5692,8.635080634300591
5693,2.6830361176778723
5694,2.8969562127177415
5695,10.652250954145067
5696,7.927718201959945
5697,12.386719964161678
5698,14.45982251337601
5699,5.028219524243957
5700,13.72169170672484
5701,12.859516345585345
5702,0.0
5703,6.245978365844658
5704,0.09543939070517915
5705,30.820996833935922
5706,12.672327762483956
5707,0.0
5708,0.0
5709,5.777312816251573
5710,0.9452435389407015
5711,13.030751757702124
5712,3.8935725869690554
5713,16.440758532676135
5714,7.906480010776763
5715,7.862939374617964
5716,9.963898144021933
5717,6.346016838384267
5718,3.2481273338219294
5719,12.572353716698931
5720,14.388374031845947
5721,2.081281029258312
5722,15.28297416112514
5723,0.0
5724,2.487423314915282
5725,6.503763270665295
5726,5.995741646110423
5727,25.320357719413387
5728,20.066776231112804
5729,8.711593221922127
5730,0.529491507192148
5731,16.120141966698228
5732,2.135086931641002
5733,1.3775388631275245
5734,5.853292720841297
5735,14.760428719540982
5736,3.305338894308605
5737,5.566021870919842
5738,11.86618972114735
5739,10.098816041051842
5740,7.267223008591636
5741,14.83474799596035
5742,0.6492160401784357
5743,15.696032025967579
5744,3.8497832518307256
5745,10.6159953068523
5746,5.898724672755345
5747,10.643476128982638
5748,8.661282072521304
5749,9.133340828240035
5750,4.290578051992147
5751,13.89773092817214
5752,1.0518618333103014
5753,3.7182115730741554
5754,10.18533220523884
5755,2.173054945745019
5756,26.167639878277363
5757,4.302319886883924
5758,6.019317215156335
5759,0.0
5760,1.2218778081349777
5761,0.0
5762,19.597744217218725
5763,7.595878697331379
5764,7.086772962420435
5765,8.02976214639705
5766,6.943018424820316
5767,4.647552773880727
5768,4.078632154106616
5769,3.7130538003531575
5770,11.214359479306701
5771,2.284697701686719
5772,11.698888745126155
5773,8.475333833962315
5774,8.674927628198025
5775,11.906012234339848
5776,14.770809561090733
5777,1.2944446545640442
5778,3.6254052886394454
5779,3.7180410042649967
5780,5.584479691719045
5781,0.0
5782,11.867218946964432
5783,15.159657387135228
5784,8.383235995531889
5785,17.0411417212082
5786,15.827175093704517
5787,4.297029255771187
5788,12.310997606642175
5789,1.2437669847439867
5790,13.466142405950185
5791,0.0
5792,2.46970494923662
5793,13.00155087762118
5794,5.836836208340264
5795,13.445738745229011
5796,11.313567611681144
5797,0.8971987444587377
5798,13.7360605150927
5799,13.441279668429038
5800,17.1248821734018
5801,5.006338876937791
5802,3.3070787661884413
5803,10.61668856414057
5804,6.478703443192823
5805,4.782652181562296
5806,10.006155238582323
5807,16.5822385134908
5808,10.703505913281077
5809,23.281581344564223
5810,12.011864658707355
5811,24.53908269214063
5812,11.023552987793577
5813,13.721094488627191
5814,11.688962414712634
5815,8.571051347964458
5816,13.910225337900567
5817,5.165305632549631
5818,12.364436764186689
5819,4.3688436074261
5820,12.39898979768374
5821,7.466333317967686
5822,6.752152783866897
5823,3.477988502728154
5824,29.119474555002718
5825,9.046347302695176
5826,7.275175724475316
5827,1.7870167247520206
5828,0.0
5829,12.115251058825256
5830,7.74917184567569
5831,10.061236855506436
5832,11.814399146278447
5833,24.323696377924346
5834,5.310185762212262
5835,3.7454353553931288
5836,4.330668625005387
5837,8.653670959070638
5838,5.277554376558058
5839,12.499354832027231
5840,12.11386784545783
5841,7.560247082012336
5842,3.0382009090052096
5843,7.477522251261738
5844,7.513100762236099
5845,3.151626253834417
5846,6.499013760961196
5847,8.737009092274427
5848,2.9215926580651317
5849,15.151589757594726
5850,11.671895391082664
5851,10.049515602083675
5852,8.123488618935985
5853,11.525112014921902
5854,0.08221383812282923
5855,5.527589139987252
5856,14.757958139714468
5857,9.963043151476544
5858,5.706012315942212
5859,9.768307529278426
5860,2.9225579788357354
5861,7.919553151640141
5862,8.06269070863059
5863,11.096097580373172
5864,15.974388504327283
5865,0.6902028837826144
5866,14.831037361415653
5867,12.864099964660564
5868,11.200268375153684
5869,9.853570096468406
5870,9.79803564007461
5871,8.468488118222252
5872,15.068447268866358
5873,9.646509329732849
5874,9.12121950500811
5875,7.810734645086898
5876,0.0
5877,5.810088204463892
5878,17.347332756362114
5879,16.635522605180082
5880,12.499462589410296
5881,18.004284339386757
5882,12.073304558417092
5883,12.178499000812655
5884,3.4581917931568187
5885,13.725438575510527
5886,7.321839313209547
5887,9.10486536299586
5888,0.6063076531424851
5889,18.45383338239632
5890,17.872610779838176
5891,6.607483061833139
5892,1.9134132793442689
5893,2.507673845774738
5894,4.646285728970142
5895,15.69739430386062
5896,12.017812774302747
5897,9.339053572327183
5898,7.02154699566459
5899,15.905168501820551
5900,15.109802960263213
5901,7.308237658830532
5902,7.4853118314136955
5903,20.918423256939008
5904,18.16063353269614
5905,0.0
5906,10.30330861142274
5907,3.536075012272345
5908,11.244640080035834
5909,15.395305831079156
5910,3.82091801552302
5911,2.5920300201035182
5912,15.404385578767817
5913,2.0040166183352603
5914,0.0
5915,4.269785515428069
5916,2.127413115411697
5917,13.143776144607202
5918,9.741963338230422
5919,7.371939021180871
5920,14.792103119347171
5921,6.402358216222727
5922,10.338308505850815
5923,6.770348487756369
5924,0.0
5925,2.2386628145453136
5926,15.21933864271436
5927,6.074920028992658
5928,1.1361130447758097
5929,13.798219667432917
5930,5.3741558454006055
5931,10.869170359886144
5932,0.0
5933,1.3691655564923382
5934,20.92860029838132
5935,3.6140769990823376
5936,13.048345584329915
5937,3.3274952941590445
5938,11.012739073766609
5939,16.10960576986391
5940,21.657898858004128
5941,6.090289294191765
5942,5.215195614097112
5943,5.943985221109702
5944,20.74687425808377
5945,13.21741663409566
5946,10.010736820460579
5947,7.473113170112997
5948,3.316336810740024
5949,6.20603088645413
5950,9.214188354727394
5951,4.5330147877536024
5952,10.143782716065752
5953,12.807505430327929
5954,11.006466010373826
5955,1.2160982450857531
5956,8.092564786612105
5957,3.120284235747368
5958,11.588203121991734
5959,7.57063402929911
5960,11.770959659795164
5961,10.007104684419726
5962,9.775438665443318
5963,17.543906786761802
5964,5.554143604427338
5965,20.66926052580369
5966,8.043490725739442
5967,5.505326238572121
5968,6.330433746022042
5969,12.18814250353951
5970,8.056650186630659
5971,3.450506538030142
5972,14.773063045562298
5973,0.0
5974,9.367121794876413
5975,7.222751149514019
5976,14.578389891104525
5977,8.058915487089939
5978,8.291234015205083
5979,11.56490578280214
5980,22.7328639373033
5981,12.398736272539939
5982,3.0670983217833188
5983,3.9286336927601155
5984,3.5514028706697633
5985,13.055494120308309
5986,5.300190320763868
5987,3.895185279621736
5988,2.4241866627964486
5989,5.098406522902076
5990,9.835804923548686
5991,2.454787551472199
5992,9.14819267473555
5993,9.63218561010954
5994,20.618268758280863
5995,2.452891744304857
5996,6.1432272396206855
5997,3.8338527770611375
5998,8.644586895914603
5999,9.411515955582637
6000,17.670758794603508
6001,3.714289693997073
6002,4.465493967098396
6003,5.570213089346592
6004,9.614947427117212
6005,11.090134628598143
6006,16.521517719229717
6007,7.511071983398098
6008,13.243158485080535
6009,15.31369911326814
6010,16.66669368296104
6011,9.399770708591882
6012,8.776651917700585
6013,6.11363519130157
6014,0.0
6015,5.491788416819512
6016,3.329780973265186
6017,8.759387205297893
6018,12.659956482525299
6019,15.69287495835214
6020,8.629801121876051
6021,18.85150823037775
6022,16.565983125808376
6023,7.948389182392687
6024,4.40062789634964
6025,2.3516208832999244
6026,14.619003209300168
6027,3.263845638461701
6028,7.526042311591504
6029,0.7409445300729773
6030,18.739562902088384
6031,2.9481576506978264
6032,13.201569190565014
6033,10.415928639511598
6034,7.183423236741249
6035,30.61145185200362
6036,22.7862424333496
6037,6.11019463512366
6038,12.090566419135278
6039,3.1656570946962406
6040,9.73152409129954
6041,2.6736403627366503
6042,7.565072497142049
6043,12.235930917542007
6044,12.198869296749008
6045,8.23708155342229
6046,12.955252162180091
6047,6.541062833430576
6048,0.37334425532229787
6049,8.505459943213166
6050,5.453613605594968
6051,4.4545749320513
6052,2.0467779397030768
6053,0.0
6054,2.5877629116683174
6055,2.2697233675535937
6056,1.2590812867874597
6057,20.823098194520288
6058,10.42619021808433
6059,0.31139564085411564
6060,8.853690814401672
6061,5.880162398413562
6062,10.633025962519456
6063,0.0
6064,6.12058027929765
6065,13.086400844910923
6066,2.2035954111546134
6067,4.047436600823949
6068,8.052193016900665
6069,9.896670769087347
6070,4.754508238474045
6071,5.124653697722367
6072,7.3593669624656
6073,15.133515861537775
6074,4.166083170501564
6075,12.970228393449531
6076,16.2883249614057
6077,0.0
6078,4.681274653528202
6079,7.816636783708551
6080,11.17682873616793
6081,0.33642427791492047
6082,0.0
6083,0.0
6084,9.918692081376317
6085,14.556206651247235
6086,13.041426663647933
6087,14.693942298361677
6088,7.006521686041511
6089,2.714771108913335
6090,9.590901382674918
6091,8.43100416564663
6092,5.175950198631302
6093,7.761009298250415
6094,9.795457113905526
6095,8.70654676081727
6096,6.703379540304005
6097,17.885011791933078
6098,13.901142305702791
6099,15.014304416117593
6100,19.069003479496352
6101,7.629879369720641
6102,13.849171739940584
6103,9.431625973398495
6104,7.8122683892710185
6105,14.00740857847788
6106,11.6515351389593
6107,6.051081099037733
6108,15.07335446810205
6109,13.39550048655531
6110,1.742718647693943
6111,5.633277334765646
6112,9.048861620440414
6113,5.919861128794885
6114,3.541643289932474
6115,7.383523435349641
6116,6.642382611200907
6117,6.602754482194243
6118,10.779065413129771
6119,0.7302885595192699
6120,15.672398825494883
6121,1.0151113006171935
6122,28.826214665873174
6123,9.147600504296921
6124,7.671928502793169
6125,20.51647950718502
6126,5.673206510883304
6127,10.742312454936728
6128,16.418943901092362
6129,13.438117238720555
6130,6.707695660833349
6131,10.4333439548518
6132,3.890045642151687
6133,5.791205902765126
6134,14.137608314612587
6135,12.187541572117455
6136,26.645821709161353
6137,2.1870027184132868
6138,10.36249025070512
6139,8.905435410901777
6140,3.6008796583474254
6141,5.487773800354209
6142,10.197784378281952
6143,17.47448809863751
6144,6.566454893962092
6145,3.089165045625732
6146,3.8491648159835226
6147,4.125752375848436
6148,4.921659506636828
6149,7.102277079855266
6150,7.606298440502465
6151,13.507043559516742
6152,8.467191644578346
6153,13.544677389169145
6154,10.712388901606946
6155,17.34444419949274
6156,3.1888771585160125
6157,0.0
6158,6.240028554877698
6159,5.213878116174765
6160,25.458965738570463
6161,33.042947231388894
6162,17.275140945571984
6163,0.37311205291636185
6164,4.866691470760742
6165,18.50516641795249
6166,9.792947535512475
6167,9.656309808428267
6168,4.034165705869068
6169,8.57983344176531
6170,8.658751888957136
6171,11.652016188471325
6172,11.349992317783604
6173,19.81157675614949
6174,15.393316793425235
6175,2.6725196675790244
6176,19.490572249276543
6177,7.077311018575879
6178,4.443859258005379
6179,0.0
6180,3.558697399124968
6181,3.721495869101248
6182,5.355211451159993
6183,1.4194963004273315
6184,2.7354543290598246
6185,0.0
6186,15.13693316586052
6187,9.978829138450992
6188,4.640041536437558
6189,5.119318614395093
6190,8.523781069478865
6191,4.195424419327736
6192,5.637758310723458
6193,11.237906882674935
6194,0.0
6195,0.0
6196,0.4407827806368587
6197,0.9856028913432304
6198,13.892798347104884
6199,1.0901649083506468
6200,15.723281521153464
6201,12.041141145819736
6202,4.120002056108815
6203,2.935436480102453
6204,31.820498107060278
6205,3.8343987454678707
6206,7.647471678001315
6207,11.639545783522777
6208,7.562229570929044
6209,4.329711356566158
6210,21.464920036945795
6211,3.3953651219400784
6212,8.070793903316696
6213,0.0
6214,7.417903542722225
6215,1.5417062514512772
6216,17.5552709864099
6217,9.255303365443893
6218,5.247239654587282
6219,11.170693786625534
6220,1.971610837753385
6221,4.942380445465119
6222,1.1987769185375559
6223,4.986131413557343
6224,5.123517659017477
6225,19.70585332413871
6226,8.106371993399557
6227,7.034741544353676
6228,20.721797112381857
6229,0.0
6230,16.212122046759408
6231,18.605190906515055
6232,14.833450980367989
6233,5.5521133712719255
6234,4.158092606310906
6235,6.049081202531099
6236,1.8542911330166838
6237,15.713026945413883
6238,6.552847108208785
6239,31.7555499472436
6240,15.13306481627275
6241,7.024468585427298
6242,5.187959474224677
6243,19.174337447312425
6244,5.12322406331777
6245,2.6821726241679666
6246,5.56596106144817
6247,3.797900682391319
6248,17.100330862177227
6249,19.54573507252274
6250,21.080781684773672
6251,13.978677614219224
6252,9.34595081073704
6253,8.67763470434104
6254,20.090866466346792
6255,8.337331482595195
6256,21.103323680623443
6257,9.971411022893577
6258,17.440290716298012
6259,2.709769234163047
6260,7.837947799403402
6261,11.512359166890269
6262,12.205921076888849
6263,10.345805539667978
6264,0.5417882625405657
6265,2.967472042810254
6266,2.3481620573693736
6267,6.64178761782915
6268,4.381776145841357
6269,13.4334309923317
6270,8.012188308293744
6271,3.0860634502573996
6272,23.9253435482132
6273,4.070125872664242
6274,23.295627370262828
6275,2.969238471461816
6276,1.1733726869112093
6277,5.628319152728547
6278,0.0
6279,1.9676620716802056
6280,7.619112158126745
6281,16.727566974387145
6282,0.0
6283,11.425125550651511
6284,27.48732061970248
6285,4.03791233343074
6286,2.141430906935498
6287,6.902418685553695
6288,10.971146927718076
6289,6.482704537547422
6290,9.909926908758374
6291,0.0
6292,0.0
6293,10.482553663025309
6294,7.411494069400973
6295,8.957834192820345
6296,7.541710729484338
6297,2.9046532914956504
6298,16.99162995725031
6299,19.71034347210868
6300,7.307524198465132
6301,8.847102957004187
6302,9.695269545530598
6303,21.572683793259515
6304,7.466885956346768
6305,5.699778722223144
6306,10.957747610609523
6307,2.287484077973458
6308,20.453381098755614
6309,8.722662786558324
6310,18.402229174037345
6311,10.727200340658316
6312,0.6740104644958995
6313,3.5190186060841793
6314,4.292388522941926
6315,7.304113250617913
6316,19.32470185862772
6317,5.944786885648119
6318,13.094614274982721
6319,4.240851272416998
6320,23.338038305837205
6321,0.16742411649365252
6322,8.078309177241449
6323,10.189229759726517
6324,7.708182387108636
6325,19.874167641166622
6326,32.88032748430557
6327,3.0392067166682075
6328,10.430574602029996
6329,5.778643446635936
6330,5.414775506952578
6331,4.8567613773902885
6332,6.717286775329116
6333,3.5559470655594794
6334,9.397623741942807
6335,9.124553824805297
6336,0.0
6337,12.384710960725476
6338,7.4500809268503225
6339,12.905832972184019
6340,2.1147455857687394
6341,0.0
6342,1.8303575612040675
6343,1.1063960574207856
6344,3.382358072015591
6345,2.0924072205051187
6346,14.810882793478811
6347,8.876060965763527
6348,10.942202696240566
6349,8.539055682800068
6350,2.8452080327124927
6351,10.394111779502667
6352,1.2641217446946929
6353,11.486404211382673
6354,8.88982291440975
6355,14.105908377054456
6356,9.022673825046011
6357,2.713402048562771
6358,5.244515879335074
6359,8.92927513936815
6360,7.2452043603843475
6361,3.5170485885819893
6362,11.21768675482588
6363,11.679067404377783
6364,8.306849346403672
6365,6.2878018312221515
6366,12.075197012287417
6367,17.065898199240852
6368,6.9818385161710115
6369,3.144071547854826
6370,4.4002545757539995
6371,6.969239484887185
6372,0.0
6373,6.480707806265727
6374,8.347269384528861
6375,4.626835065982119
6376,29.80599741431203
6377,1.6478586502392982
6378,3.5916556294775734
6379,9.24526578826809
6380,9.365078111298585
6381,8.44513634829464
6382,7.785023180159772
6383,12.46877696261873
6384,5.5168459645195895
6385,7.219850080213593
6386,4.225093279193777
6387,2.1043512299317024
6388,9.355931864331506
6389,5.620829214399497
6390,30.906588461138394
6391,11.613230490548506
6392,5.697259131154503
6393,8.044997485101396
6394,9.900802706210236
6395,3.3480667064587992
6396,17.068658769277725
6397,14.53875970649581
6398,5.374766133257294
6399,16.125312746889758
6400,6.1148809886125
6401,5.182694156508249
6402,3.9580282424191235
6403,7.652552164565737
6404,1.121387201357777
6405,13.798608748504193
6406,5.842268272384296
6407,10.200652583052662
6408,3.768136344028518
6409,27.654014723748343
6410,8.714449318029462
6411,6.987165928889315
6412,13.127716035386895
6413,3.0832659249746666
6414,8.357931968584538
6415,4.327457306824024
6416,13.091866697487003
6417,21.42118970164982
6418,5.81483806023951
6419,6.186486720022128
6420,7.445335447856821
6421,11.61237992066372
6422,13.322929173847474
6423,2.1044215213988986
6424,4.859561529384698
6425,15.3862082355698
6426,18.439185495711186
6427,6.726269408283557
6428,6.958926546242909
6429,9.646164991234642
6430,6.847983303545008
6431,6.417232581957762
6432,2.7230527164772003
6433,10.882444295994611
6434,10.0609226579128
6435,22.014540614189915
6436,4.84853517515524
6437,6.581365293442959
6438,18.029652338857062
6439,0.7010168612114809
6440,6.803321170603686
6441,12.880241509979193
6442,8.514544239289224
6443,6.201862866851684
6444,10.683082831997172
6445,7.940747434870197
6446,10.468007270062406
6447,5.630084851096087
6448,7.788426227899195
6449,4.84036410102739
6450,1.1070733529819385
6451,14.178426290122845
6452,1.1789373428572594
6453,4.218984814921341
6454,9.45991972151601
6455,10.097213975939288
6456,4.775365730223327
6457,2.653711776334161
6458,8.295254830893398
6459,6.03322815483039
6460,1.8759197444515578
6461,2.5837779638288136
6462,5.836827315278381
6463,3.3896925669897113
6464,11.621531397725244
6465,7.833247051261707
6466,0.6946307397150955
6467,10.56993612748828
6468,1.8233572166632115
6469,15.868947317408459
6470,10.41851946971461
6471,3.295947032498656
6472,7.072599432999412
6473,11.176635712299092
6474,3.2559315357544882
6475,1.155725313203802
6476,7.567445387554246
6477,3.777770616428599
6478,4.9582962467836635
6479,5.327871347033907
6480,3.3511249898744024
6481,4.456568418857473
6482,0.0
6483,2.885329412529991
6484,3.0183926890270847
6485,5.904660625043462
6486,5.141336516041768
6487,0.0
6488,10.376817349925508
6489,17.083028010415035
6490,0.0
6491,19.97323238509339
6492,6.638479265090331
6493,7.122005909635474
6494,9.525598373520138
6495,5.972210545452571
6496,9.602953686339319
6497,0.6527686326946434
6498,5.702859537083793
6499,3.1120256467922154
6500,8.27890617247852
6501,2.1127172337269418
6502,11.498934226481314
6503,11.749674200260664
6504,10.024054183020043
6505,12.390995028585763
6506,12.340526402588026
6507,8.736735388329375
6508,14.639461558835556
6509,8.154022038960083
6510,15.254854439446797
6511,4.79217197198485
6512,4.791647280925442
6513,11.963710320647673
6514,11.041326704188915
6515,8.275300039516956
6516,10.045494434688875
6517,8.141756788097103
6518,16.37166374084225
6519,12.24160890029585
6520,24.218074954625635
6521,7.806444919619235
6522,2.693149694346837
6523,2.916440402264625
6524,3.1721422237768273
6525,3.3190366697903073
6526,6.425963437200391
6527,18.393714829089227
6528,22.6384691944478
6529,9.063278504027288
6530,2.835436347701606
6531,18.94497047909756
6532,6.259040670367932
6533,2.314853865851177
6534,11.100074562948105
6535,14.06230192311523
6536,11.08621905053931
6537,7.387889301867846
6538,5.456115964081713
6539,4.668188044610499
6540,0.22125665943062778
6541,8.87343196540049
6542,5.747834399027708
6543,15.503804941603883
6544,13.565810344762042
6545,10.331029699812914
6546,3.6346207094529177
6547,7.71749178347134
6548,2.5679219961866515
6549,5.679857581429822
6550,10.255185099677668
6551,11.642677860753189
6552,8.145106936346105
6553,7.073977523066212
6554,9.193731230036583
6555,16.033543086455524
6556,11.846133740418704
6557,14.284584273840188
6558,10.534781575226294
6559,5.050214820481965
6560,6.4039242269553736
6561,6.09463484748396
6562,14.959140295725485
6563,0.41667573039197947
6564,2.6020628600851037
6565,8.383152768771263
6566,7.809572606804469
6567,6.654898245469582
6568,6.975178363464086
6569,1.6800067362869129
6570,1.7101509198921931
6571,4.108457457066534
6572,0.767485790274181
6573,0.923935892240368
6574,8.546822169472605
6575,7.013742456142256
6576,5.425747303793262
6577,9.505857407323916
6578,16.699490414487133
6579,9.962982953490872
6580,2.5669488437243055
6581,7.5854561630569135
6582,14.030494262509512
6583,7.932160766011268
6584,2.5813785138280405
6585,7.57319436501937
6586,4.977758850434573
6587,5.683276844245237
6588,0.0
6589,27.01434423431796
6590,12.173132574297377
6591,15.977095072067044
6592,1.553536569656445
6593,15.17490582606687
6594,12.581213931944328
6595,17.949802071858656
6596,20.135046359368978
6597,8.240559669404458
6598,12.368820251243388
6599,6.288149874212128
6600,11.450858867491554
6601,5.681556648879665
6602,14.071481588860589
6603,14.875765265876717
6604,14.504753869254554
6605,5.794952676711528
6606,1.9215946476863968
6607,0.45933333158886214
6608,11.004997019587957
6609,2.261711454923012
6610,2.333829092284664
6611,12.387480011145037
6612,14.145789295016586
6613,5.7610387049463965
6614,21.429185052935185
6615,8.789983564980108
6616,7.872421896103873
6617,2.2637609033613098
6618,14.65964897596166
6619,4.697816775152298
6620,9.111134768263904
6621,5.22618869887059
6622,7.08448359087998
6623,10.664267010937758
6624,6.709877371628597
6625,13.42268111929938
6626,15.126039118946366
6627,2.4718149798272187
6628,6.043023182294845
6629,2.182235817484716
6630,0.9619527914556159
6631,0.6288681245695127
6632,19.947452530044995
6633,8.585325583787053
6634,11.39428216385064
6635,14.204977243471749
6636,3.1439609045711885
6637,2.1405664396783184
6638,5.617901032231105
6639,14.3366697619174
6640,9.315436857398748
6641,5.6433227138352
6642,0.0
6643,0.8692292012219065
6644,5.461076843449909
6645,16.428459985385466
6646,22.95387899019472
6647,4.819197320227741
6648,9.30211333731785
6649,6.329259750418045
6650,3.6287997544185693
6651,24.95781392563343
6652,10.434030549620436
6653,9.17499883951282
6654,3.398561427612518
6655,15.128939425670161
6656,8.907310722494008
6657,6.298186707168563
6658,10.080701626689244
6659,12.126908721528679
6660,19.158871185355693
6661,10.830098809639052
6662,18.82434339686592
6663,6.489263256042174
6664,26.231814435252723
6665,6.816718516800272
6666,4.4242006321993035
6667,18.504589227893415
6668,19.538775882516507
6669,8.862696931713936
6670,14.743821398094
6671,5.882867625095669
6672,7.988700747722128
6673,9.051266148359737
6674,1.779369871144585
6675,8.424909600209768
6676,4.191506253622174
6677,7.767223340953752
6678,5.7082124516419075
6679,10.38258242169535
6680,15.252988306037306
6681,17.95573688899517
6682,10.064584797915652
6683,3.4741119952440114
6684,7.961189684492609
6685,5.9102162665210916
6686,4.729767092783828
6687,10.246504307544889
6688,7.499690875340505
6689,8.282761039078414
6690,1.5369202829563644
6691,7.777579394355741
6692,12.761219973553304
6693,6.253454907920038
6694,5.754675593648912
6695,2.527507622817705
6696,11.397805956941843
6697,9.707638411291844
6698,6.220502553151858
6699,11.937931036635447
6700,1.0349955165212084
6701,9.456977097177294
6702,18.44433378027101
6703,12.360721700327623
6704,16.546404586562616
6705,0.0
6706,2.8063382906521213
6707,11.531359050570122
6708,2.313021344502074
6709,16.95009948494512
6710,5.582133174295812
6711,18.69184670750055
6712,5.589091309215151
6713,0.0
6714,2.4093316552873993
6715,0.0
6716,13.141771623418007
6717,3.0536363947212735
6718,15.168363332840018
6719,3.0952925505848254
6720,2.2146661461023864
6721,4.913252495081532
6722,7.607780225301925
6723,2.6751833973085315
6724,4.092912455372906
6725,2.4921380761643146
6726,12.055352475033189
6727,16.86221787454533
6728,0.9939246044382406
6729,17.82123132857843
6730,18.624370953564238
6731,5.297852928793618
6732,20.925946365985983
6733,10.397855707990828
6734,21.86246340418929
6735,0.0
6736,3.9978673743434037
6737,4.514899458632087
6738,16.075530135664053
6739,11.47627247574058
6740,17.330911963112186
6741,8.277191184400367
6742,8.599118771471979
6743,4.181759554365378
6744,9.103082794534789
6745,7.117405160240777
6746,4.03421979198845
6747,14.630028949547524
6748,0.0
6749,21.167647099887986
6750,7.098282762931265
6751,10.226195123791285
6752,8.459390963873133
6753,6.468054315600632
6754,8.859122151954864
6755,8.143539027695486
6756,18.530723481281022
6757,0.0
6758,9.023695944297366
6759,1.5979549917131575
6760,19.168107473886575
6761,5.759490284763087
6762,8.50497602119786
6763,23.52111267809978
6764,4.158898686372947
6765,15.702857729378486
6766,14.668706559567338
6767,8.115827383006376
6768,8.480972577800902
6769,10.33619395273346
6770,10.321094601475163
6771,14.182839863333971
6772,24.0572383946731
6773,10.88440698828234
6774,22.446576958745467
6775,14.705818326704177
6776,6.879876622252833
6777,0.9725291588370242
6778,4.803988533214108
6779,18.2033389411171
6780,15.267695502349415
6781,24.63848937264175
6782,13.756964754334359
6783,0.0
6784,6.127614469248895
6785,13.065937797721778
6786,4.120253136393559
6787,0.7422835499253342
6788,5.865596085092678
6789,2.3457833110209503
6790,12.353969755654777
6791,16.465435157360268
6792,17.192835975943833
6793,10.746246894858617
6794,13.092565326997214
6795,12.433286929331604
6796,9.773165306987119
6797,1.7089259219018995
6798,16.377920698248
6799,8.19113009054343
6800,11.280354639593277
6801,12.63022682565698
6802,1.638645516622936
6803,11.707642471167695
6804,2.3193415407097593
6805,22.320717625576158
6806,3.806322254122408
6807,16.374230831980302
6808,0.0
6809,5.489089631185446
6810,5.161252827439369
6811,15.650419597398923
6812,8.19035743596028
6813,0.0
6814,5.59045657263342
6815,10.11214664240412
6816,0.0
6817,1.268610957761716
6818,14.886414794707315
6819,8.879241932398688
6820,3.0450632365101216
6821,0.0
6822,7.311435455903557
6823,11.696468728356027
6824,15.272611237382737
6825,10.679275403511909
6826,16.8197352531718
6827,1.4707416152933694
6828,15.169692701774029
6829,0.0
6830,33.5653391266301
6831,3.075893181388512
6832,0.97229221555701
6833,7.003632889353629
6834,10.694718188181016
6835,6.777357449810925
6836,5.310223457615185
6837,12.752689378032615
6838,11.870337661361022
6839,21.454579130617077
6840,12.316581235435004
6841,6.4363241664751865
6842,7.2029933762718965
6843,8.697648229747575
6844,7.343445985029879
6845,10.122608993451216
6846,3.0270158609303977
6847,5.105521080727485
6848,5.950056686601629
6849,11.30398650746171
6850,18.38657976290132
6851,5.790711653190705
6852,18.301479024410913
6853,0.7610281241330794
6854,1.2081802201674252
6855,26.371299571494504
6856,8.41136759660373
6857,3.5449532641737767
6858,1.2152513580035498
6859,6.65390331629356
6860,17.13136966430374
6861,3.7901459483274262
6862,21.633981998435694
6863,6.699756106368649
6864,14.152347158802687
6865,4.342908821598289
6866,5.474258318767436
6867,26.809466318854582
6868,5.889181197530517
6869,4.467463633912004
6870,6.397870805316935
6871,7.5251809129938145
6872,9.310576117874692
6873,3.7901577386145666
6874,16.706513164282796
6875,8.695067302487182
6876,0.0
6877,2.5647324277599024
6878,7.037511251063857
6879,1.595510820348144
6880,2.7329590323532447
6881,8.474762965434895
6882,6.245367339025754
6883,16.86468840167826
6884,15.181837351549628
6885,17.67009835940447
6886,3.2148490615181444
6887,8.87839482195798
6888,29.8412514691177
6889,1.8442029869015464
6890,0.0
6891,3.0389404269246416
6892,8.242056060402717
6893,11.782529020873158
6894,14.097251459762536
6895,0.024495988550150116
6896,0.0
6897,2.444170124201815
6898,9.36745120953329
6899,8.016199242522982
6900,22.256345551148044
6901,6.933871041542462
6902,3.5608473454772547
6903,7.647394541335352
6904,17.994726217449422
6905,3.521254687677196
6906,2.4288086003249747
6907,6.704297861650297
6908,0.0
6909,16.435607283335127
6910,11.141055259970617
6911,11.603801190133337
6912,2.1659305179887145
6913,5.724737265093083
6914,5.729160011784243
6915,7.07965124125777
6916,2.195206705996748
6917,0.7651664474405457
6918,13.897913991951203
6919,17.184605831986218
6920,0.7148597447153664
6921,5.684736837070998
6922,22.095292944757627
6923,24.56772665229785
6924,5.137712090687061
6925,4.51386267105397
6926,17.513202611020922
6927,11.450067646094594
6928,1.8268750353068235
6929,1.8187924171753638
6930,8.118186582687578
6931,22.29254119605287
6932,6.002027403109193
6933,7.776658902303713
6934,0.0
6935,4.935724853943599
6936,7.07519287301722
6937,5.346683160320302
6938,10.605365397412623
6939,4.607144465475103
6940,11.430318516622119
6941,12.01880767609111
6942,1.9610854517801215
6943,10.436416899525828
6944,12.4329577487891
6945,3.1886457045515613
6946,7.99428196914285
6947,9.131989913136072
6948,10.000611845179602
6949,5.9863095781346765
6950,15.722130870235407
6951,16.93504943823739
6952,7.366362114676314
6953,2.5448358521533034
6954,5.246762199509033
6955,7.717963470880239
6956,14.944568414086834
6957,8.148361387091912
6958,14.785810551751194
6959,4.469152174473111
6960,1.7392468564698005
6961,0.71170911151596
6962,0.7140911986542733
6963,4.12478368076645
6964,15.73017675737831
6965,0.0
6966,8.732053764259108
6967,2.153725540732207
6968,7.649600409917785
6969,6.61144469807622
6970,3.153181100623547
6971,14.465690796201121
6972,22.880074436551585
6973,10.929632226254599
6974,9.656003788130313
6975,7.369438730311446
6976,16.063165957244312
6977,18.265373250402057
6978,4.709788497814265
6979,13.259327876884388
6980,11.39469444061404
6981,30.2047573893296
6982,13.048155843164334
6983,5.828876923847562
6984,11.130487637909495
6985,10.374547042519703
6986,19.137080820480936
6987,11.785381731270435
6988,2.438768699094358
6989,3.4711293263501037
6990,7.664408029922974
6991,0.0
6992,6.937571924141101
6993,11.572350671201512
6994,15.510598540124404
6995,0.0
6996,4.037228821161189
6997,16.907206627431243
6998,0.0
6999,10.03036636196583
7000,4.227906170433838
7001,7.655130570823475
7002,3.8154819765579058
7003,7.789089054611739
7004,5.412663317864988
7005,4.860642826197582
7006,20.253268429385134
7007,12.480212574233837
7008,10.496201857753514
7009,3.3721691048417917
7010,7.619060426071895
7011,1.693096223691093
7012,10.398688971898181
7013,2.4777237888981887
7014,12.55655323355255
7015,4.751936471434622
7016,3.763900940549142
7017,14.0745504685426
7018,4.349776239910825
7019,2.9158210933054702
7020,0.0
7021,10.64177485717192
7022,0.0
7023,12.119655162768392
7024,15.058509052733672
7025,0.0
7026,11.78442050988117
7027,10.713170827489137
7028,1.4712507306225229
7029,14.328896392794725
7030,10.80309290894087
7031,4.402054185075955
7032,10.251608975136822
7033,13.748865658985638
7034,0.0
7035,12.60537655081709
7036,12.142028597285584
7037,12.516973353629128
7038,3.4532254925281345
7039,0.8270404050180433
7040,13.371901481592335
7041,6.813487664726034
7042,12.88123788239526
7043,18.68525186158316
7044,4.762767005450205
7045,10.822677035137382
7046,0.0
7047,0.8325736285303966
7048,23.606661576890737
7049,18.73132025132095
7050,5.644001267272921
7051,10.861112092973874
7052,0.0
7053,14.996677881888811
7054,2.3763751483275417
7055,9.964020834470999
7056,11.701356198786545
7057,11.670470973326665
7058,2.0752458077992104
7059,15.995347914437238
7060,10.45261824808852
7061,2.8367186453484443
7062,11.079260995282324
7063,21.482429582623883
7064,13.44171469798972
7065,11.267641090177408
7066,3.0259786327604825
7067,15.164326425692366
7068,26.425877289093552
7069,9.54848170894007
7070,0.16742052746584513
7071,1.0391363435468364
7072,11.707812820919063
7073,10.05769547845259
7074,6.581492026728848
7075,6.722713693458228
7076,14.301518426919992
7077,3.8862894703373367
7078,12.97073533430556
7079,13.0846435135221
7080,4.515544894777866
7081,7.902029441299042
7082,6.935261876485355
7083,8.108855407266201
7084,9.71580559089137
7085,16.87896512272212
7086,5.712136115091411
7087,5.1645253433893625
7088,5.507431028644577
7089,6.056092962804268
7090,0.0
7091,11.420634640769546
7092,10.427728382976628
7093,4.199006675011985
7094,0.0
7095,15.856953687460301
7096,14.720398216716301
7097,10.638619771474552
7098,11.054720298480014
7099,0.9745011455196888
7100,4.636987205308203
7101,5.744730435769267
7102,1.2524324321968159
7103,3.7287210725435944
7104,18.973948987063174
7105,11.066554367843544
7106,11.3509645225792
7107,9.326320757311393
7108,5.643402099997774
7109,9.964354343925459
7110,15.368672896121453
7111,0.0
7112,9.095721831764298
7113,7.465589524591073
7114,5.780400221421817
7115,0.2293635685249953
7116,17.518652555656224
7117,11.876960906739985
7118,3.8191121601231135
7119,6.849615595827299
7120,2.520655494412293
7121,16.122808074384764
7122,8.083278308177798
7123,9.789641098585502
7124,5.015260397441243
7125,30.290425843368006
7126,9.227351838425637
7127,7.687047218065768
7128,15.349608452943535
7129,16.327895911985948
7130,9.929040207744684
7131,0.6221535806283729
7132,9.314911883810536
7133,0.0
7134,5.78082408083049
7135,6.001124978566844
7136,0.0
7137,9.257099391067513
7138,8.80498111861381
7139,17.80732011393311
7140,5.233359561079853
7141,2.8121093897597333
7142,1.9513918442940996
7143,4.5128216946521835
7144,1.6973927792351926
7145,6.275268346977162
7146,15.652146355138207
7147,19.280424799368824
7148,6.3394496630204955
7149,18.080997878826544
7150,0.0
7151,10.087077603268973
7152,5.999319853480159
7153,5.239974700710114
7154,0.3368141384823282
7155,13.52280448775046
7156,10.209765891296277
7157,6.770571637714731
7158,9.503218426152426
7159,4.007262158509381
7160,0.431387732795697
7161,18.69203294126992
7162,9.488081771113205
7163,13.329239082663458
7164,4.6890320257324305
7165,2.7693431897083567
7166,7.6345269745484226
7167,10.894564068950428
7168,1.896431049704173
7169,2.7104540492396065
7170,5.4460946588034105
7171,8.948937639764617
7172,0.0
7173,0.11947197702475165
7174,0.7120761307531032
7175,15.73558877120023
7176,4.001650409252289
7177,10.340528743269584
7178,21.476966059296753
7179,9.673771680952367
7180,1.8603090789664334
7181,6.729129135687195
7182,22.38544771590842
7183,0.0
7184,5.643911355604645
7185,10.357129315471687
7186,4.551175490406907
7187,7.8987717962611805
7188,8.202832956955428
7189,21.50200522109223
7190,4.693341197670574
7191,5.396622172172069
7192,2.13773937709177
7193,0.0
7194,12.230312562067049
7195,22.90972102059045
7196,2.4234340830207426
7197,15.646758860604509
7198,16.621728156167983
7199,20.16629799650407
7200,6.312403724870501
7201,6.966945517765007
7202,0.13849984653613845
7203,17.708678007786677
7204,0.821665891090591
7205,11.55574948743515
7206,6.705050188720784
7207,3.7400957670571717
7208,11.451576979753053
7209,20.61952166760928
7210,3.3186910892118044
7211,8.593755095304962
7212,12.983990440284927
7213,4.744646531076523
7214,19.18091887320007
7215,8.314394590077564
7216,7.372886477704025
7217,4.260767724688966
7218,13.043407580579958
7219,0.0
7220,8.920898160127827
7221,18.164102135896016
7222,19.610482462735565
7223,0.0
7224,13.905190565315015
7225,6.791775939269144
7226,3.309061796815641
7227,4.029967599198485
7228,4.955009299853545
7229,2.8687632518595816
7230,0.798281187231006
7231,2.8836286315579907
7232,12.353339561574334
7233,17.49225657973025
7234,1.786313126340275
7235,13.844326954105917
7236,21.039345881036006
7237,20.244044052242383
7238,13.261425715184114
7239,16.366976898250293
7240,4.013575020956356
7241,9.902784526064641
7242,4.43126288651243
7243,7.979416715113984
7244,0.0
7245,4.650079514325053
7246,4.08557541767711
7247,0.9995776133227743
7248,12.086211513285537
7249,0.2858202655428599
7250,2.2367114290659558
7251,15.947676612173435
7252,11.11525054819164
7253,13.54521276477048
7254,12.000342678457807
7255,8.88775387979081
7256,8.247955763969774
7257,11.192736565495569
7258,3.6643752095864564
7259,15.164720199159992
7260,3.521476746395649
7261,4.530575036396649
7262,3.731368279912605
7263,5.886258538394065
7264,2.2835874477466005
7265,10.781625312020557
7266,9.69673053624185
7267,7.119160422844901
7268,12.078936974518482
7269,6.198914831816707
7270,8.970317679713146
7271,4.589184196046291
7272,2.621806491593092
7273,3.740534734904731
7274,0.0
7275,3.241614849237716
7276,6.03154880741183
7277,29.91449432176539
7278,0.768746750585394
7279,4.581004048547457
7280,10.694725514009903
7281,8.990282022912933
7282,15.720726482860794
7283,6.941136774105864
7284,4.837395440508578
7285,10.083864822388524
7286,6.622078779692203
7287,4.369484069237175
7288,1.898855583901181
7289,1.72600232560782
7290,14.650261787292388
7291,11.63465540072186
7292,3.3997916582090664
7293,0.0
7294,0.0
7295,3.69607670864867
7296,2.568003945937548
7297,12.928869747965448
7298,6.653068406925162
7299,17.062414144840623
7300,14.07915397307961
7301,13.820879228358354
7302,18.00516123034987
7303,8.99599574295654
7304,6.804220678026918
7305,7.256551730460348
7306,11.546794809149155
7307,9.416873364757933
7308,7.098727173440681
7309,4.403710967414758
7310,6.425741978899593
7311,0.0
7312,0.8989393012880029
7313,1.7035176253403481
7314,14.45778304398827
7315,6.116539145336153
7316,15.44821455381827
7317,0.0
7318,15.364890425790536
7319,0.3987671077830832
7320,0.0
7321,4.5566904409979925
7322,15.412319994434068
7323,10.134795499980015
7324,14.429052644995279
7325,5.4924461465175
7326,10.276323459801217
7327,18.447017850231465
7328,7.113081742414871
7329,13.051546911062134
7330,1.8548334950849021
7331,7.770045424234038
7332,7.019562973932562
7333,15.067177375455985
7334,10.076192533068314
7335,2.862451246664021
7336,9.961227025778816
7337,5.305540028143958
7338,6.129888651929861
7339,13.215474496796839
7340,19.03122560611994
7341,3.8198765589551424
7342,2.6990479157663856
7343,6.6185030499814665
7344,6.083374567500394
7345,0.0
7346,14.804848238059758
7347,7.440961622496799
7348,8.175259594559016
7349,15.680707866250177
7350,16.933994116255196
7351,0.4996222592727939
7352,18.56664973935508
7353,8.745611011735402
7354,2.1139279506187325
7355,13.507185596609535
7356,15.290839457325614
7357,12.832986486748279
7358,9.12273453694178
7359,2.8025715877028183
7360,7.091995023163036
7361,4.82355549837293
7362,0.0
7363,6.274776269544317
7364,31.030694893746624
7365,17.827346889243177
7366,0.0
7367,8.033634940214158
7368,17.22379123576497
7369,11.38360436597264
7370,7.220023578429567
7371,20.29828882559645
7372,17.669403357871786
7373,8.189902729110084
7374,13.074856939597394
7375,9.956421308009496
7376,4.308090721199392
7377,25.27491126549857
7378,6.8869843338292105
7379,5.36500676658025
7380,10.77007670637172
7381,13.819790480032152
7382,9.375704155954658
7383,12.155101167080163
7384,11.083879139554242
7385,8.835207609160282
7386,7.99968179153247
7387,20.514272292032484
7388,5.688369803576229
7389,9.39649093230685
7390,7.619645571422085
7391,0.0
7392,7.253234298137837
7393,10.635058178440595
7394,17.007346451136574
7395,1.3613110957569337
7396,3.973809788303093
7397,16.511812405694517
7398,5.1216714741659395
7399,9.74526139933766
7400,10.414170320357371
7401,5.762803277848265
7402,11.11601808083223
7403,14.86794470196604
7404,5.9094417410358275
7405,13.368671269193321
7406,2.907325649702509
7407,9.85925042582594
7408,13.56074199967147
7409,0.0
7410,14.39709811487298
7411,2.8701623730332395
7412,8.249506475117851
7413,7.084229748072858
7414,0.0
7415,8.865296005503792
7416,5.847731917661891
7417,15.247329045581957
7418,8.559875495748338
7419,9.83811777863965
7420,5.958643231334286
7421,1.7171076399074838
7422,0.0
7423,7.74595228778093
7424,9.78797820456539
7425,3.9652976609656667
7426,6.831321159775882
7427,3.9607916293060255
7428,0.0
7429,5.315283935184505
7430,6.86702379698458
7431,1.7546659829802689
7432,1.9791410319256224
7433,2.503193028547811
7434,6.773153781870818
7435,7.570112481534303
7436,5.945919148252727
7437,23.163557042106547
7438,21.520428975923338
7439,8.007269317053808
7440,3.5804599654656144
7441,5.269678468371312
7442,4.633844849660655
7443,3.984302461068798
7444,9.073723152060479
7445,6.252778944655873
7446,2.6956270241859084
7447,2.835258033827756
7448,1.6645783920739472
7449,17.712553027082812
7450,0.39531027641467276
7451,15.892489284674454
7452,9.176753500664228
7453,3.3037501281181036
7454,11.143686975303135
7455,9.889339553117455
7456,10.658047355364321
7457,10.970838213930298
7458,10.25072327226868
7459,14.61243256457078
7460,14.539187525105678
7461,6.309540805783087
7462,14.734616534965678
7463,4.777973544554133
7464,0.0
7465,3.823166212096597
7466,5.651307134730329
7467,6.5649043467078
7468,9.19814433702555
7469,14.050603112615327
7470,9.597835979305376
7471,8.557448421438002
7472,5.656768833973992
7473,7.234225383792223
7474,5.757788685788072
7475,15.397431006313354
7476,0.0
7477,9.038397426848864
7478,1.7448401493452206
7479,11.461800386248669
7480,11.240046759227702
7481,12.780649234866502
7482,32.38322524351778
7483,15.442333498770736
7484,7.175184530838021
7485,3.5242561843394036
7486,4.218130833590459
7487,9.803402729457163
7488,6.339657135842524
7489,10.958137725556451
7490,2.8545519581790453
7491,5.682096954812231
7492,0.0
7493,7.300189022987374
7494,5.316932482912666
7495,1.196328131032451
7496,0.0
7497,15.101454082534499
7498,8.76036275481036
7499,16.406082819319955
7500,8.20338322462374
7501,14.974957042428873
7502,10.922512868744974
7503,4.59288440990456
7504,6.083906684431509
7505,8.047567838551778
7506,5.145814472184605
7507,3.7927050649010514
7508,3.6851765918752024
7509,5.71058867244245
7510,17.600448949707733
7511,9.862274531116991
7512,7.77912708486369
7513,0.0
7514,7.810174749558906
7515,19.16330717471427
7516,15.304733252023702
7517,1.3412932053686335
7518,14.020237199353208
7519,12.78939959810174
7520,6.726447941354926
7521,4.396224766325902
7522,3.758941026686342
7523,11.429919500759361
7524,21.527174370183083
7525,13.970041632398535
7526,18.4495797212142
7527,9.830465868706774
7528,7.51755925504423
7529,1.960280972098996
7530,4.997679482083098
7531,12.536060655878003
7532,7.535692172345956
7533,2.878503416646013
7534,14.745207463875868
7535,10.904137023626733
7536,14.218242879125754
7537,4.6594152517107785
7538,8.180087502752166
7539,3.485875385933416
7540,8.08342564724706
7541,1.5116931302209853
7542,7.796726872546337
7543,16.81170838977242
7544,8.464118856769865
7545,3.6578868185479747
7546,5.178473173450525
7547,11.467285988023345
7548,14.24949774317053
7549,8.078050157388871
7550,14.966379654245792
7551,2.9452279848926635
7552,7.1914837617591605
7553,13.0535418336473
7554,13.694753969581917
7555,10.697018410989692
7556,0.17914577636201834
7557,10.404376795714269
7558,6.43564957029723
7559,10.366704086063717
7560,10.937899642563547
7561,1.231465770094589
7562,5.02122997573518
7563,4.069493768750351
7564,13.949609888915294
7565,7.004161674468204
7566,0.0
7567,1.9687867301517565
7568,5.425775412359283
7569,3.1677116504772505
7570,0.0
7571,0.0
7572,10.012051199916865
7573,12.998019417469798
7574,10.738562236905823
7575,7.623781858065698
7576,18.875401277745755
7577,8.213475653572734
7578,4.033509742861022
7579,9.682655199046401
7580,26.211207251908228
7581,10.931205903301354
7582,5.824858907511855
7583,5.586865605303217
7584,7.393420864523043
7585,8.38822342648433
7586,13.205745062372996
7587,8.762327415106942
7588,20.088392023257143
7589,7.697870750897172
7590,2.4993005114159246
7591,11.909521875603218
7592,9.347849048073543
7593,0.0
7594,0.39717652514251967
7595,0.0
7596,1.5657493146064114
7597,5.552301370416483
7598,0.0
7599,8.092345013144653
7600,2.3568234624769424
7601,9.12413622709083
7602,2.8533007231677425
7603,11.851480026901534
7604,7.234888487125033
7605,0.7372535323262
7606,10.278810411894483
7607,8.527368784180263
7608,13.263372007248272
7609,19.54802647232372
7610,10.565353331517679
7611,22.016933231317388
7612,7.07703845568394
7613,12.774467441367431
7614,14.863134797659306
7615,7.927455097091659
7616,5.051741176353373
7617,8.699550252806219
7618,3.05226242647983
7619,0.0
7620,1.7403861950039081
7621,3.893717054052866
7622,17.026106827494466
7623,14.66502687318846
7624,8.571091106078796
7625,8.961508256955858
7626,9.855175066141637
7627,4.436675164277966
7628,3.291207139894313
7629,15.398082434588352
7630,8.48226060327882
7631,0.0
7632,6.031461603765795
7633,17.669223156462216
7634,6.681907335916918
7635,6.858846426417124
7636,6.3934736775522625
7637,6.187569743533028
7638,2.7404948856791034
7639,7.394842294041679
7640,5.642832337137829
7641,3.616786703968911
7642,17.95364042525811
7643,3.1021708372390773
7644,14.016096302318694
7645,11.096635545421798
7646,16.664048833661063
7647,10.866738380786414
7648,1.102741919929553
7649,6.025277597184587
7650,22.375972317800873
7651,21.836487186303
7652,6.688677762447353
7653,6.287633279908229
7654,7.489510046926125
7655,6.012334372114131
7656,14.139150418991827
7657,6.4334353883339235
7658,20.604893392974837
7659,13.450891174775233
7660,17.403694360121897
7661,0.0
7662,0.252671077546502
7663,1.9371095517559471
7664,8.4568401007973
7665,12.40149584027306
7666,15.743260342334708
7667,8.400655647410298
7668,2.5442642733042238
7669,8.740628942350996
7670,5.612866063041819
7671,11.792656322575194
7672,11.027303222860276
7673,4.690780750250017
7674,11.641880006133462
7675,6.770235396973986
7676,1.9788503149424912
7677,7.1935391879067225
7678,12.245052360554599
7679,1.433608359805862
7680,4.127496406849737
7681,4.18817009983024
7682,1.8091181602975146
7683,9.293166270694536
7684,6.239613606743441
7685,6.105498203404471
7686,20.052598226052275
7687,10.173110907096046
7688,12.227024426897826
7689,6.669848514708454
7690,11.595685208832961
7691,3.6657447996499837
7692,18.46355217380816
7693,7.322285638825318
7694,10.496441353628406
7695,14.892960957179326
7696,29.41082277247591
7697,3.8579468890345154
7698,10.583273911857432
7699,4.279577972793763
7700,14.359190640570063
7701,14.397022040462257
7702,4.595343174325287
7703,2.912149191295833
7704,16.40218444512601
7705,3.8467836940836193
7706,18.254432557127785
7707,4.079641818001903
7708,23.388065382642004
7709,9.629184170349623
7710,4.294117439634723
7711,4.97849012979793
7712,8.438339383286447
7713,15.329839182446987
7714,3.0454206047601886
7715,1.4664266992891326
7716,5.3661109977522115
7717,11.193764718487747
7718,0.018084638555112775
7719,8.024215630672362
7720,2.8618914255861228
7721,0.0
7722,1.4998432514087545
7723,13.474408046452517
7724,0.02437037772587125
7725,1.5428244213156432
7726,11.436356385622776
7727,8.15876605451206
7728,3.3556740302877657
7729,21.0407182061198
7730,10.851742964662305
7731,8.907892833080108
7732,11.533711320599128
7733,2.3292701482844542
7734,9.728967512526406
7735,9.822222997748286
7736,12.915656515473088
7737,21.108028885182733
7738,2.0808412925362294
7739,0.0
7740,23.39671111412965
7741,19.577813816805985
7742,12.072083008478021
7743,0.45892290041293293
7744,9.040281785613335
7745,3.155683230438253
7746,13.208923433103253
7747,12.352973846373764
7748,0.1788803434520787
7749,23.737191240158413
7750,4.561131099551065
7751,16.25603180831626
7752,13.748990596435029
7753,12.785284041930279
7754,2.845020498084976
7755,0.0
7756,9.162172891132776
7757,7.110711182207785
7758,10.561663403620493
7759,6.117331236980578
7760,10.718193328164755
7761,10.800867050458873
7762,5.77515489485798
7763,7.713589230600693
7764,13.071338676285103
7765,11.573805481298148
7766,5.422964989105572
7767,0.0
7768,6.432729906852987
7769,14.731422515333813
7770,11.26906714734599
7771,11.849369725400102
7772,11.263681748396593
7773,8.832209499904739
7774,4.535705025582403
7775,15.412750559216148
7776,2.2912231114612105
7777,8.500668392546594
7778,10.01024369728739
7779,5.815406007842276
7780,7.821375368857418
7781,10.798066710566987
7782,3.3315484116860583
7783,19.394582210024453
7784,10.299123527324477
7785,5.973833500773734
7786,9.953862627017653
7787,14.63827405563529
7788,24.160327043913313
7789,8.576468375422094
7790,7.221842096711963
7791,8.838826229078697
7792,5.755172409410934
7793,0.9637609316287774
7794,8.790458327682742
7795,4.712056750064506
7796,9.63970609977128
7797,1.5359339291009775
7798,3.9265965324735506
7799,20.751820116519482
7800,10.07048680447008
7801,1.1839010216104047
7802,0.4542797080252665
7803,0.7934984030011467
7804,18.57617674401559
7805,9.111406852910294
7806,1.8897876019278783
7807,1.7628511121578603
7808,9.064471236822742
7809,10.079146405578618
7810,19.607610106691038
7811,3.7876811600790967
7812,10.959355585189174
7813,10.26811829141504
7814,0.8481102663695568
7815,6.452739064026973
7816,15.936215233161628
7817,2.6041342834307786
7818,10.636602048168207
7819,9.491761953181449
7820,1.6781781894384586
7821,19.801465053122477
7822,16.062316653288946
7823,21.5432049262389
7824,16.09011976531393
7825,4.8709341659484595
7826,6.752356245930844
7827,7.493890161906049
7828,0.16799412184901286
7829,6.860881751409143
7830,12.734813052480511
7831,0.0
7832,6.568147547241695
7833,6.149308935831291
7834,1.1351941997010115
7835,3.997851401083431
7836,14.111441685233558
7837,3.1736807160639833
7838,0.7956046438872715
7839,0.0
7840,11.92345184944842
7841,15.314776739191238
7842,13.890602837228494
7843,6.5301991121883525
7844,1.53759992144691
7845,9.577951397864805
7846,7.958569749830283
7847,7.307861026315663
7848,0.0
7849,8.034007660297796
7850,4.929773754963697
7851,10.7649365774185
7852,5.73543603991983
7853,4.0066686709181285
7854,12.814317661216963
7855,0.6678607075576313
7856,7.712639299208683
7857,10.926425875181602
7858,0.0
7859,14.015006950678359
7860,5.102963609974432
7861,5.492910464507199
7862,4.226186217675049
7863,2.202855480548374
7864,16.517348936374034
7865,2.5682609338286913
7866,0.0
7867,9.074938806096293
7868,8.960916097972685
7869,12.897071685666125
7870,15.731803021908208
7871,9.747963143739373
7872,14.530697832256264
7873,17.385884475337743
7874,16.48130087026871
7875,1.7040188982140814
7876,9.518667469115186
7877,9.712009902972927
7878,9.43928329647046
7879,0.0
7880,7.299682904106875
7881,16.99441676594718
7882,9.09060160323564
7883,9.908798637724805
7884,11.328053517553567
7885,2.5081974301803722
7886,6.329810860810185
7887,11.082756293000143
7888,7.634243760336023
7889,12.130870730381137
7890,10.019737554522408
7891,9.035299915090743
7892,12.3777675179353
7893,6.532850484903044
7894,7.184909282069363
7895,16.573501122424513
7896,9.117734299243706
7897,5.5177863521086525
7898,2.9711400078508587
7899,8.069265505711579
7900,13.709846329398289
7901,13.806453128177608
7902,13.876136971487373
7903,14.507763549540051
7904,17.3476970970676
7905,0.5535076076188759
7906,8.940449352154747
7907,6.938546850785233
7908,4.455719335547174
7909,16.313668421776462
7910,12.941532671572194
7911,7.148538394476441
7912,18.74225049823144
7913,11.032968854522128
7914,6.7533988402811485
7915,15.870947264791207
7916,8.763975904195904
7917,3.7533687130458144
7918,20.3184600081428
7919,0.0
7920,5.074330353903059
7921,0.0
7922,0.0
7923,9.555079334566594
7924,15.554307291011273
7925,9.817331230009627
7926,12.805679256869084
7927,12.090179755448062
7928,0.3194723322795152
7929,2.6117446167081635
7930,1.1796909782736922
7931,5.943039159850808
7932,6.733421802824772
7933,7.072192123451994
7934,10.952528545102584
7935,1.984100297034498
7936,1.5284833164439746
7937,11.116667978293243
7938,5.872589380871794
7939,16.767509308486268
7940,10.204663272527782
7941,9.472435113370075
7942,13.861888041030182
7943,3.7874153520726663
7944,4.558270353229007
7945,3.6982731355811733
7946,14.5481787090066
7947,5.809636533244941
7948,0.0
7949,5.288001223049879
7950,3.3935689145808983
7951,19.953921113340975
7952,8.902349621165026
7953,10.101156240595365
7954,7.857655845201705
7955,11.140940575781853
7956,12.532702479098251
7957,7.986850236202194
7958,13.16829849772872
7959,23.568101828243655
7960,0.0
7961,3.5707776092557593
7962,22.16533130762451
7963,1.9813284243545715
7964,0.0
7965,1.1951209845999884
7966,13.098611459749504
7967,0.39535196117990523
7968,17.955443529631072
7969,5.089973453687286
7970,15.957316784952349
7971,3.9471113862976903
7972,7.130795048153965
7973,8.812145843513939
7974,20.005936100698165
7975,0.2620752331262075
7976,0.0
7977,6.1334213068863885
7978,7.826787578987806
7979,11.027906645702114
7980,5.011053497289842
7981,6.1232097971923665
7982,7.492906993446133
7983,1.019359475548936
7984,0.0
7985,25.728592316518977
7986,8.042517920286077
7987,2.8468005233912557
7988,18.014227028851707
7989,4.757346129892829
7990,10.818653422273357
7991,7.776822954499443
7992,3.096123337757204
7993,11.869091099163615
7994,10.445592581242552
7995,6.7102874886025
7996,9.686470333688298
7997,0.0
7998,6.590267409832823
7999,9.009658993577748
8000,22.981675952142112
8001,0.06663969202541509
8002,4.943543308767428
8003,5.547543882481565
8004,8.591035681789101
8005,8.98357102205551
8006,8.518205860609543
8007,8.66589212565427
8008,3.1237907995181384
8009,7.965086846975273
8010,6.262337167867028
8011,2.913900347759438
8012,0.0
8013,11.581989920609022
8014,8.257556140005763
8015,0.9431245697908235
8016,19.664826350710854
8017,25.43578292449979
8018,10.365696119587744
8019,12.154112172565728
8020,12.679745662761569
8021,3.3402804585618746
8022,6.275274259155029
8023,10.030145653412
8024,0.0
8025,4.917609756993951
8026,7.339454228016397
8027,6.830664327700428
8028,0.0
8029,12.884146496358941
8030,7.208980845515203
8031,11.271480584807133
8032,0.138901059287182
8033,5.915241911856909
8034,13.812707064599332
8035,11.431800353849734
8036,8.012151133368562
8037,0.7571840166372752
8038,5.428148971299638
8039,14.33240431521251
8040,11.422632211337909
8041,27.171743169601182
8042,0.0
8043,2.6607097217906963
8044,10.22397828418765
8045,17.452567422383265
8046,16.075641345414823
8047,4.340742862536422
8048,10.904947997890353
8049,4.142724008261421
8050,11.393848332363763
8051,12.27478612063768
8052,12.2101821549039
8053,0.27556116103908046
8054,7.90420384076301
8055,5.353144120772487
8056,11.083887516645143
8057,2.635663665681488
8058,18.42946812565596
8059,5.961900298697862
8060,0.0
8061,0.0
8062,5.274441214868929
8063,4.116423509442979
8064,3.6313460524336634
8065,17.650666286401183
8066,8.96272978385182
8067,17.22592325280614
8068,3.032360026941719
8069,4.7411374315841694
8070,14.1281522004059
8071,9.08866562557289
8072,5.1222470634249575
8073,14.510335926409539
8074,16.97759191803738
8075,8.191597393474554
8076,0.0
8077,0.0
8078,17.591922403866995
8079,12.959991764545723
8080,7.719007940450645
8081,9.661818117347725
8082,3.774959703193935
8083,7.468863559210011
8084,21.822910340529802
8085,16.493681977866245
8086,2.81384166524996
8087,9.055368764865278
8088,13.301573648991976
8089,3.0056672529657877
8090,5.093650134639626
8091,5.642844689999815
8092,6.250242209680248
8093,8.690749414376121
8094,6.860561569573761
8095,17.98216155957927
8096,12.460630234491894
8097,7.054624714626479
8098,8.328530258660802
8099,9.928862167894163
8100,4.742158440450119
8101,6.217543018260692
8102,2.1568721633955192
8103,4.266921984912811
8104,8.976572573311294
8105,2.429954857797199
8106,4.27941674051887
8107,5.660931901765284
8108,0.5312579626277287
8109,4.45646929946918
8110,4.291077882036671
8111,11.837437088120868
8112,1.7293641112592066
8113,17.0497471473144
8114,6.757724754700885
8115,5.272824287801839
8116,5.4925587112007745
8117,0.0
8118,7.393395767150604
8119,9.86957253660818
8120,12.098616844860123
8121,13.962650236985144
8122,6.524094458610747
8123,3.4803579099023123
8124,14.934591487427237
8125,8.755006780102294
8126,1.9507810891007127
8127,18.1593623578967
8128,0.10081107324844574
8129,8.447146220685593
8130,22.47075147327113
8131,0.0
8132,18.035342807374576
8133,8.340818609390906
8134,0.9024551732952499
8135,6.483583124032013
8136,30.2934040069021
8137,24.269233586141315
8138,2.135253245590599
8139,5.628697213618905
8140,5.221080230238712
8141,1.938416944308849
8142,2.04377731486486
8143,4.789802239509131
8144,6.844422296319344
8145,21.91172045532111
8146,7.326860806559608
8147,22.043992125537102
8148,6.5976092662675025
8149,9.830923928878683
8150,12.577245853355395
8151,2.7250449766560294
8152,14.762315604581406
8153,6.888992014832153
8154,2.777697968839795
8155,19.120555648335433
8156,6.777742365841562
8157,10.167734848508399
8158,10.094590323017862
8159,2.7674288634192425
8160,19.7072275619717
8161,5.320100792362994
8162,3.8351531921370023
8163,8.321624729547285
8164,5.477173216133278
8165,1.499935956212691
8166,7.5369436035698145
8167,21.951116257988826
8168,7.612060194897035
8169,6.741635405225118
8170,5.542435437371826
8171,22.67565507158986
8172,0.0
8173,4.781797218338859
8174,4.849101329451199
8175,2.813475601394603
8176,9.428127733800533
8177,10.059675580845031
8178,19.534201884357266
8179,2.877873178334884
8180,15.49835829492276
8181,4.697016684556593
8182,11.109720253518308
8183,12.56540456928537
8184,8.514522042348991
8185,5.385968437539857
8186,22.44501393084539
8187,13.041186537045506
8188,10.783379904728196
8189,1.336201286168663
8190,0.040718331770898786
8191,28.29486541509078
8192,4.011296081542346
8193,12.055906835346192
8194,4.101298177395075
8195,14.088601940159199
8196,0.09776794692003676
8197,10.267097648058517
8198,9.416379422419167
8199,6.544211656768004
8200,8.323502051084711
8201,9.45383010007058
8202,11.734023877538606
8203,4.5440910097776985
8204,13.819401050708896
8205,5.522367917563134
8206,4.70819157540606
8207,1.6135683819464264
8208,3.6348016120616027
8209,4.422591673811239
8210,2.3650628355700896
8211,15.159900945383793
8212,13.857867465578822
8213,20.35371977763026
8214,15.189754245908498
8215,13.394230270878527
8216,8.429802719560525
8217,9.644140615433113
8218,5.96430571310671
8219,13.613652133682443
8220,12.162670875575047
8221,11.32273870022871
8222,6.637932118510178
8223,3.1528164692627954
8224,0.0
8225,1.8675368981357297
8226,4.77268244904099
8227,13.667500436530485
8228,21.448290577526496
8229,12.79383832165919
8230,5.48585577028826
8231,4.690316970850869
8232,16.934173443489662
8233,12.10408523642349
8234,12.666593653334841
8235,9.237935868607408
8236,5.707394779487165
8237,5.126990305762086
8238,19.92476134523066
8239,17.77493202283914
8240,6.073661662134692
8241,1.8059794655652466
8242,5.630967411540425
8243,8.496470978456355
8244,14.563334943204318
8245,2.805527560523341
8246,9.624406233563157
8247,2.7857795970024766
8248,22.049141930112675
8249,4.531534724427745
8250,8.504906323292609
8251,7.654467607655098
8252,0.6669994948826607
8253,5.568106868429515
8254,11.591080685136347
8255,9.161611074117417
8256,6.960551638192036
8257,7.976416786505903
8258,11.940316903702573
8259,19.35434835656867
8260,14.512656543168855
8261,16.35901276100261
8262,18.40438900500564
8263,11.944033062070837
8264,7.952986482737086
8265,12.160648417551052
8266,8.85926160880837
8267,8.540971024262154
8268,0.8690692517962173
8269,10.032100922072857
8270,4.492778336004035
8271,14.07678479686804
8272,13.335859680691168
8273,18.328631774402872
8274,3.917303939463036
8275,4.166808044432689
8276,5.560693301416688
8277,11.29926113674771
8278,3.4393180143745816
8279,7.463188975388831
8280,5.1833429368275015
8281,0.0
8282,6.330622521606564
8283,7.7208523354932534
8284,8.880693580616196
8285,16.3185035202878
8286,19.35666276283461
8287,9.862711767913975
8288,29.558067841154333
8289,3.6426292056066494
8290,6.2233990549353955
8291,10.91827490693917
8292,3.238685590832551
8293,2.7407236463726896
8294,8.135675915985336
8295,4.6220332080486015
8296,11.282431744676337
8297,6.18492505131735
8298,6.42471011661458
8299,3.3992138619526706
8300,6.189742958465152
8301,4.483208739782485
8302,7.195599512601776
8303,9.451225876060887
8304,11.512704599863977
8305,2.344750222592471
8306,9.813148352665902
8307,0.0
8308,4.9249705795493
8309,14.16933215329778
8310,9.040491972411754
8311,4.086495763802955
8312,2.305864351024179
8313,8.834993933971298
8314,24.047803257193646
8315,2.786100185575828
8316,4.618003372293156
8317,6.763953012966954
8318,2.7345369592610904
8319,7.936496313275212
8320,4.613692371209096
8321,9.633493418256727
8322,12.030686823589217
8323,2.7062686499418014
8324,7.848627130093818
8325,11.342171344454993
8326,10.608251506537778
8327,17.870003645337743
8328,6.929104839188634
8329,5.488370995368457
8330,0.0
8331,10.661481996490384
8332,3.7299464093255805
8333,3.4547642574840793
8334,7.436580735467795
8335,9.416480077837774
8336,9.87651820530743
8337,0.0
8338,0.9978828267987039
8339,0.0
8340,19.902026423268577
8341,15.781580321774566
8342,6.645642450052346
8343,8.359933574938188
8344,7.10866275771618
8345,7.035160183941612
8346,1.676273411848321
8347,8.541576973037762
8348,10.328888112741826
8349,3.380627818044368
8350,8.945306714793896
8351,9.048802485576477
8352,4.753825082763729
8353,10.412927761351666
8354,6.258369015163655
8355,7.823098898740332
8356,15.125659369813421
8357,10.449354757013616
8358,0.9168930912135291
8359,5.570795897623891
8360,2.445185015486688
8361,6.930573711337842
8362,14.227601426887329
8363,13.187675464825888
8364,14.85104057392778
8365,25.55857147661566
8366,0.6419014589970189
8367,6.69020161724913
8368,4.635197198580652
8369,9.378582120710366
8370,14.067660301861293
8371,9.509562100383551
8372,11.027195624770957
8373,1.7052040505420294
8374,4.375598754592872
8375,8.922096519041219
8376,15.20772908931749
8377,19.323774193614078
8378,10.791923254681912
8379,3.9498289413313596
8380,2.1908578636588327
8381,11.575594476757036
8382,0.1602799720296577
8383,6.685118307287688
8384,12.233702554706607
8385,7.554990336329317
8386,18.932888762814354
8387,15.955220653737637
8388,3.5961568892812013
8389,5.991981301089194
8390,3.0105326748540815
8391,15.91277425895846
8392,15.68896562528613
8393,16.121386834281772
8394,0.9351580059341984
8395,6.2779472939767205
8396,9.210010664499649
8397,15.157503179956322
8398,8.924478014765253
8399,4.945042753679496
8400,6.703568407665761
8401,0.0
8402,10.748289457157004
8403,1.0628082857166428
8404,3.8422723892638535
8405,3.649384283799095
8406,10.474347847836004
8407,7.664252846207756
8408,5.754792554358555
8409,11.25035216685944
8410,18.270998324642555
8411,6.717836734549373
8412,3.107889803739071
8413,3.409995003163816
8414,11.749767649192433
8415,20.911730528641094
8416,5.380981048404289
8417,26.29325236605751
8418,2.4522984849870095
8419,13.554990507040047
8420,3.6234221031394123
8421,7.0872561809879056
8422,0.6681779307221696
8423,8.655611740703788
8424,11.218798067438764
8425,3.3005774024576224
8426,6.133140446717327
8427,5.704261360939697
8428,0.0
8429,9.71661213679829
8430,12.75166089709202
8431,12.660729358830482
8432,3.8362998964703916
8433,6.250186117750076
8434,7.199239930872169
8435,10.48424936612005
8436,7.181454301466078
8437,23.564557877507198
8438,2.75524753388766
8439,7.241856434273799
8440,3.981444835411322
8441,1.5694583428898854
8442,3.1138009941628146
8443,9.971708546092888
8444,17.60588049040387
8445,6.760728781353629
8446,3.7977804054828415
8447,0.0
8448,9.771703393718987
8449,14.531520824600875
8450,21.608303751431706
8451,0.37135132975877383
8452,18.909663560606624
8453,4.943324331308631
8454,5.559563326877659
8455,3.600878081658821
8456,0.0
8457,12.92751702335266
8458,11.291064355312674
8459,10.727878199353372
8460,3.6581107708510716
8461,4.145758565544633
8462,16.280751638282787
8463,1.8350885055848085
8464,1.1937399628014749
8465,4.547721640240869
8466,0.0
8467,10.278861564402128
8468,5.462285314173763
8469,4.334751062127627
8470,4.582333603791424
8471,2.4581692908820596
8472,12.731436591410667
8473,20.75118054397892
8474,10.772261958764204
8475,1.597651449863175
8476,5.653297335795344
8477,9.714572895405162
8478,8.263620670592955
8479,13.146506558643482
8480,8.565639177814788
8481,10.758788220373308
8482,7.434050006886828
8483,2.6433561059344877
8484,5.31073350178119
8485,14.148923859221982
8486,4.285235289929836
8487,1.5224175129208728
8488,5.194581963837746
8489,5.837074771609069
8490,10.987938647945032
8491,3.514117201131927
8492,21.801200445732963
8493,10.696485404339478
8494,12.157019059103172
8495,13.254667024541149
8496,12.324582424507428
8497,13.82222483479545
8498,4.23350026272246
8499,0.49847016052403603
8500,9.449952643294699
8501,5.016609554797485
8502,25.227240255354666
8503,6.298593696621119
8504,8.38526725497828
8505,10.307517731474231
8506,10.179595831684068
8507,26.3604489050866
8508,4.2172848803938106
8509,12.058341163471857
8510,7.7649915244446355
8511,19.047840877860637
8512,12.410449114949662
8513,13.717406317980426
8514,8.054759316399364
8515,0.26600129969005337
8516,14.832542031380676
8517,7.352509711700499
8518,0.0
8519,7.039678903958472
8520,4.9222426625282925
8521,7.050965483721358
8522,12.534152121045503
8523,12.493784601887535
8524,3.4085041296231555
8525,1.9840472818810984
8526,3.376732287002376
8527,3.5901557234987607
8528,8.11694627086005
8529,0.0
8530,3.795919068935122
8531,7.40248295777191
8532,4.11294616936615
8533,13.926747946498919
8534,9.411355116776203
8535,24.815229595841224
8536,11.25196020182496
8537,0.0
8538,10.320387625081057
8539,4.617109157326114
8540,5.226108496939567
8541,6.5060357043714365
8542,15.48681128295946
8543,14.861994943559237
8544,11.419256534422487
8545,5.826455858454176
8546,7.635364344475722
8547,1.7881784887986365
8548,10.15576157237669
8549,9.096797598349033
8550,0.0
8551,5.649200720227706
8552,10.469853662344903
8553,3.9397724536680894
8554,12.480633310505251
8555,5.308648784897318
8556,6.556212813467151
8557,11.78062501732469
8558,1.0123491346798534
8559,11.948576947482668
8560,6.404969805938
8561,8.860474455034447
8562,1.9105573361569181
8563,3.6730356397299984
8564,2.9953657358628956
8565,3.4253529934079925
8566,7.60482678186044
8567,8.89531675317815
8568,3.6342190499328924
8569,8.323460329366796
8570,31.172778383288573
8571,4.90693658856282
8572,8.9378498519884
8573,10.710225940818576
8574,11.493161839442234
8575,14.587015680372502
8576,8.812147193566087
8577,2.969055560038302
8578,16.670813839222035
8579,7.771902227642926
8580,2.9376641785067603
8581,2.787039955739769
8582,4.439366854879815
8583,16.849289043182115
8584,3.0292717803491636
8585,15.221921740357
8586,17.422319828043094
8587,10.296332038394036
8588,4.771234173129752
8589,8.114278040805647
8590,2.0045778180530407
8591,6.532786218864066
8592,11.518109089613786
8593,7.497925496321467
8594,21.489495838303917
8595,8.33814790585446
8596,6.825827348957583
8597,5.579220694144206
8598,0.0
8599,7.969034430705561
8600,10.118963915253392
8601,7.823669041658864
8602,17.56347844133597
8603,9.027997253071447
8604,6.133922656778688
8605,13.329929315384032
8606,5.9158412846398285
8607,27.973147822580962
8608,7.7731320135031154
8609,10.589094774504897
8610,0.0
8611,1.113156539301892
8612,7.520792551550604
8613,4.598529563619573
8614,30.1062231527888
8615,9.650234680144518
8616,4.015980278470071
8617,0.0
8618,2.082107331708613
8619,8.397672961094312
8620,0.0
8621,8.192754571265171
8622,7.779186489505063
8623,7.89210495349601
8624,16.760659339245528
8625,1.3057478898098704
8626,16.40779849915068
8627,0.0
8628,7.157886265642383
8629,2.316443954047614
8630,9.84006454243339
8631,6.149078327793737
8632,20.59139082326299
8633,14.14301737349434
8634,2.6889264686078445
8635,0.0
8636,4.009571836198784
8637,0.0
8638,9.18043625458483
8639,7.921097736740897
8640,5.400196926520294
8641,4.005930693524484
8642,11.150840319176744
8643,9.433994827069329
8644,6.366017967158692
8645,19.18681780626465
8646,15.247850448863733
8647,4.9558715323775475
8648,14.71588000107606
8649,10.479012545815369
8650,16.436908588196378
8651,6.471449457343817
8652,5.897447122507201
8653,0.0
8654,6.46780738625204
8655,4.108389853403315
8656,3.328879439137129
8657,14.086449552053278
8658,2.773686045605949
8659,2.4478190271646065
8660,6.763259206952878
8661,3.852502044057106
8662,3.582133213562261
8663,5.308066086217979
8664,9.587020987637699
8665,5.8726008340319655
8666,7.2737960961366745
8667,5.840335304863611
8668,8.248628134227435
8669,7.869018477833156
8670,6.618596535305654
8671,4.810913649464527
8672,20.598463438248157
8673,13.239699660399175
8674,21.352899864731267
8675,1.3199971025006523
8676,7.604525024157415
8677,14.83491175591983
8678,8.237525299161463
8679,8.495992341629128
8680,11.523501012366562
8681,1.0298425274809322
8682,0.13476348706491237
8683,6.316377921377446
8684,3.6447925510088455
8685,12.984085126077877
8686,12.915874515722638
8687,5.423810948148982
8688,16.067727317218747
8689,2.462661461605098
8690,4.4023497534974325
8691,19.370699312970935
8692,4.293049834540979
8693,6.461048809081105
8694,8.694217207392573
8695,15.02159762400332
8696,18.537694385534575
8697,1.4346446123395609
8698,4.6906940948335745
8699,6.993103667009345
8700,6.014342243920745
8701,0.0
8702,2.8013125215674064
8703,8.876644715488542
8704,9.4137547478282
8705,8.511730792089264
8706,23.24685607479059
8707,7.563267527451105
8708,11.077692566568677
8709,9.199271871976974
8710,1.5354500253040957
8711,12.523515456450438
8712,11.645786824558316
8713,10.443309058241661
8714,0.0
8715,1.977908389092061
8716,15.549676717887003
8717,2.2848890275439517
8718,7.692704821875459
8719,0.0
8720,25.681558219634876
8721,12.319951201755401
8722,2.49736583273621
8723,13.640752238791851
8724,7.186134354357618
8725,9.161819608912648
8726,4.101644640381977
8727,13.722680275775744
8728,2.011689626625796
8729,14.459692548342245
8730,14.197489338753481
8731,13.756589648477426
8732,6.1717102424959585
8733,0.0
8734,11.816185713391505
8735,0.0
8736,7.403632803320883
8737,22.73636533393278
8738,16.850053637558347
8739,5.882545732296762
8740,7.49384477861763
8741,1.6000285705432873
8742,7.354436814629939
8743,20.77390885657071
8744,20.93285542796421
8745,1.570953099496152
8746,6.109922278501107
8747,7.46801857575928
8748,3.6976583217318524
8749,15.505023194241247
8750,11.939045521497672
8751,16.24213078366813
8752,2.6653452264894657
8753,5.23486469238661
8754,3.598640267476827
8755,10.389324190851351
8756,12.019725998745518
8757,1.625821941362907
8758,8.796781214677978
8759,2.648335948369695
8760,0.19622697734394023
8761,5.939071922793945
8762,0.0
8763,7.218687342816104
8764,3.2754864596368893
8765,6.455510424246429
8766,11.593967908405608
8767,2.806596930164601
8768,11.62286634193601
8769,23.35275193599755
8770,4.099367656773831
8771,3.1008432659688037
8772,7.002701799982926
8773,16.734434131489454
8774,0.1435492432597698
8775,8.705102877778113
8776,10.768777123709413
8777,14.517533916358294
8778,11.362588975547173
8779,19.89512978837475
8780,4.173606678273771
8781,16.40404204606681
8782,2.5108930976232635
8783,16.824839164098254
8784,5.997467695679054
8785,1.5447069838652032
8786,5.98158038479697
8787,3.9327732256311725
8788,9.981423444939239
8789,19.118826427429966
8790,0.19572450687150855
8791,4.389235090974373
8792,15.530658343840068
8793,8.604937141090012
8794,5.717995218008277
8795,7.001108255869465
8796,2.7723471164909492
8797,1.9760066805424312
8798,0.0
8799,6.255049064215379
8800,10.9024239660316
8801,6.627670963211701
8802,0.0
8803,1.9267147062835503
8804,14.90623087070762
8805,5.403333006058643
8806,0.0
8807,12.256181364771141
8808,20.49198280804642
8809,8.205732075860515
8810,9.429174429580144
8811,10.063052274825951
8812,7.604653141062396
8813,3.133187700177589
8814,4.282535533503136
8815,13.47606627395471
8816,0.0
8817,3.99803235267877
8818,9.867169287352887
8819,13.86869076220638
8820,6.341556572969151
8821,1.8902510036238391
8822,6.8377007077876
8823,6.3148397886062
8824,6.620015272879726
8825,7.682057448731297
8826,8.71342250521619
8827,7.107981237707227
8828,10.393709253605824
8829,6.008942515170825
8830,5.459132376759225
8831,8.179781540610954
8832,7.902118822199952
8833,9.791334240554136
8834,8.045547113901446
8835,6.7622350880669
8836,7.387810946891951
8837,5.869199668747216
8838,16.710770359304338
8839,6.7277019142562615
8840,4.535374330454459
8841,7.707586998231084
8842,7.758523827755082
8843,1.1696981262566855
8844,20.350163187290608
8845,6.184738400632172
8846,6.697649396585607
8847,0.0
8848,23.44468689861952
8849,2.881602301454059
8850,0.4473320649694159
8851,11.620388956975226
8852,19.120597461076663
8853,3.5278734471882727
8854,15.016205542277342
8855,12.884971445795948
8856,11.730813062339918
8857,12.560846168319145
8858,14.181067125004516
8859,4.07231398907839
8860,14.865066242158887
8861,4.517384352527822
8862,3.0374755450146287
8863,10.311803195153685
8864,9.921980939862697
8865,7.183485634950133
8866,13.700705144928165
8867,4.793171403103445
8868,8.962284819642235
8869,2.0665811274934516
8870,17.52847321910625
8871,0.6860612766415217
8872,9.614008807701278
8873,3.9824976154650145
8874,0.0
8875,2.814594535969431
8876,3.726622410802829
8877,6.610742760940847
8878,8.14488610307176
8879,20.170906096538516
8880,8.799546897440685
8881,4.06217550819175
8882,22.800777079038472
8883,8.21708631562976
8884,3.1800628175479826
8885,11.87224723044848
8886,10.115118674903066
8887,4.054315834956649
8888,13.50044288084164
8889,3.7618693393918576
8890,0.7973183607618397
8891,10.404834521768645
8892,2.844400804558653
8893,11.027911511918123
8894,12.121282816510252
8895,13.514651269538927
8896,9.686755258852621
8897,5.308084830623244
8898,0.7797914583768613
8899,4.613154216002175
8900,7.291212366442084
8901,7.4778545582499705
8902,9.50415037473809
8903,11.355430782415509
8904,11.06040646064562
8905,6.135120322478894
8906,22.489284438412795
8907,13.186735369257638
8908,0.0
8909,7.357252678247712
8910,16.567144180505615
8911,18.581216028181075
8912,8.007344331329858
8913,5.583494595496587
8914,13.234602559934508
8915,1.1411753860464406
8916,5.020974513500662
8917,4.6269268814399815
8918,1.1714887580781692
8919,9.821926561939453
8920,20.965972320140345
8921,0.0
8922,17.915047383572276
8923,2.6665512572795196
8924,11.33871189680482
8925,9.511461923620224
8926,6.220785297423482
8927,4.308906353366077
8928,6.139350620905322
8929,11.47681710943294
8930,10.106934896511994
8931,9.124091559269901
8932,12.335684533835218
8933,0.4741639983929673
8934,15.54786361313371
8935,0.23347217885914873
8936,3.5076643818081017
8937,5.343309890107607
8938,0.0
8939,11.021887382144799
8940,18.51217035096782
8941,18.16369391074395
8942,18.51203010888043
8943,4.375624641020298
8944,0.9453414236926019
8945,4.6089206811816
8946,11.166550584867128
8947,14.462229791083981
8948,7.167849238433914
8949,3.1891884307006144
8950,8.881959272529773
8951,3.8134767608884736
8952,2.905255450578762
8953,3.5255312933582985
8954,0.0
8955,6.397759308660114
8956,6.168597135601203
8957,5.533494241123385
8958,14.739380457327943
8959,3.783319736132168
8960,17.115217678120693
8961,27.214401135762188
8962,6.100183182507754
8963,4.341294776354424
8964,0.0
8965,9.218971723039347
8966,5.010099077944975
8967,1.7390350338721507
8968,5.173351571915957
8969,2.1183272971370606
8970,11.681200497115615
8971,9.611230804578227
8972,9.281677894404282
8973,7.840696896151102
8974,6.616275102573409
8975,10.434794420863781
8976,0.148340914780702
8977,5.756381490091641
8978,0.18728672843980476
8979,17.41456959220504
8980,0.0
8981,6.486886865146901
8982,4.110432785512691
8983,19.824132301877974
8984,8.107692489505554
8985,8.04506985880655
8986,8.360561173950874
8987,11.007689122324836
8988,11.036108464459904
8989,6.257063972314568
8990,21.638779083072745
8991,9.429219224876057
8992,11.724390000191043
8993,7.95038941624453
8994,3.4539468390397943
8995,17.960361234465925
8996,19.550161010148564
8997,10.406714254358034
8998,1.9935818733478392
8999,0.0
9000,5.925209291800508
9001,5.865651997745754
9002,6.141487461956807
9003,0.0
9004,14.450798985723583
9005,1.7094445812034271
9006,16.240039732334836
9007,7.272269352904424
9008,16.765338367476694
9009,17.773671002244512
9010,14.756569725182768
9011,14.972969994017546
9012,1.4387295680179637
9013,1.3625654688469577
9014,2.286519202027357
9015,2.922151168968302
9016,0.0
9017,10.162441968546627
9018,0.0
9019,7.650113498052041
9020,15.571645509453331
9021,3.588022438658135
9022,7.674168548141509
9023,10.967415411907263
9024,0.0
9025,10.766795085277067
9026,2.0154395015174327
9027,6.373116504061618
9028,0.0
9029,8.060180081386669
9030,4.534462884143892
9031,14.451272945065895
9032,5.715949950729618
9033,9.098319017067737
9034,0.0
9035,5.537481000599287
9036,9.471090964691221
9037,7.046898309475758
9038,0.0
9039,1.6577791345665318
9040,10.50496485738663
9041,25.603850087665563
9042,15.301496844558976
9043,19.802128768565822
9044,7.334464021251231
9045,15.741528283587428
9046,8.776289847845415
9047,4.7530384171503135
9048,0.0
9049,2.0578070825832224
9050,6.808767528588055
9051,7.239217880688665
9052,5.773066895697036
9053,3.733665966279303
9054,22.09529727584887
9055,16.954713147710677
9056,4.871795970713453
9057,2.031833047529598
9058,8.81185282138258
9059,10.454092646981799
9060,11.087890412426383
9061,13.496353087488634
9062,2.5554071758375425
9063,11.094653454007453
9064,12.014532794575189
9065,13.974594193051313
9066,7.368936526592265
9067,10.24238405552107
9068,7.16597456860485
9069,2.6026099394109687
9070,10.075069193342653
9071,3.47367114481536
9072,19.589095756994798
9073,0.0
9074,7.138848489892023
9075,4.260106313613224
9076,1.5069673482637143
9077,3.537964332134707
9078,13.046852199158081
9079,4.164943305006702
9080,5.071761683131845
9081,6.723241702416228
9082,22.35014968533787
9083,7.006256636542599
9084,7.4570244706054325
9085,8.902244978583724
9086,9.110840504534828
9087,7.5848442539827925
9088,8.94896897052523
9089,7.81649637221026
9090,20.369962801105363
9091,6.623008379712534
9092,9.840248109034539
9093,7.016214451953917
9094,7.114316279161077
9095,11.596898487226193
9096,11.185405945465543
9097,7.933111681358199
9098,1.4195624768593493
9099,9.9283733385177
9100,8.59814924608893
9101,9.476611881297927
9102,9.161027192670247
9103,4.282863885041463
9104,20.27159832097744
9105,2.9433335676698382
9106,8.767918051273739
9107,1.8094622362134816
9108,16.224687106424547
9109,15.94858660224713
9110,10.535737766500999
9111,14.82629890596682
9112,18.14550029524515
9113,4.555576271474576
9114,9.230643619913927
9115,4.509789477690766
9116,9.057864616690681
9117,3.080796198938959
9118,29.202952978282774
9119,1.4463984274498909
9120,3.4601958208897
9121,17.694459900903894
9122,19.58710359491012
9123,0.35406670053512457
9124,0.0
9125,4.631132166691347
9126,13.0621495341709
9127,8.49331072148874
9128,11.934648448772975
9129,6.576521696968364
9130,0.0
9131,8.85179931500122
9132,5.195543371162834
9133,8.274974139230382
9134,2.2120016392847432
9135,0.3353580736501396
9136,13.251050776345389
9137,2.8039693943756525
9138,18.880601298440954
9139,0.798948860666763
9140,13.241283499347793
9141,6.101226387391954
9142,14.257301883391417
9143,5.64319768357223
9144,0.0
9145,9.272706254235283
9146,8.63511999764361
9147,3.5209619398239393
9148,5.9660631254195025
9149,7.382382277844178
9150,3.074671945873927
9151,12.928416085766736
9152,9.458123251217192
9153,0.408521674815308
9154,2.200515985351176
9155,13.49487070110154
9156,11.732120330241496
9157,2.311074074077233
9158,10.596127735677683
9159,8.134632311588579
9160,8.633574057997459
9161,9.060921465243915
9162,9.469344494903519
9163,1.5732552710605656
9164,2.81297523326743
9165,7.009698948492094
9166,1.7935036527434658
9167,8.400814513307248
9168,1.3898340640324136
9169,5.681198951782681
9170,6.576402980720442
9171,14.641085999042925
9172,10.865960955730916
9173,3.982689077457966
9174,5.955179326448601
9175,16.176669775054542
9176,9.7300168059255
9177,6.5505348708221485
9178,2.9610965992818477
9179,9.515255605076073
9180,0.0
9181,0.0
9182,10.858486264756703
9183,11.581697857326695
9184,13.601285418294925
9185,5.219428590244435
9186,10.10869527742673
9187,10.046530046216208
9188,3.4743941682390957
9189,5.205845362666854
9190,11.379139857524205
9191,9.385409960024328
9192,6.269046771418816
9193,7.101377520736003
9194,11.555761967386166
9195,14.254815925824278
9196,8.59854538020571
9197,8.155131811556723
9198,5.782183238700892
9199,4.6736655744548
9200,0.8141447600792251
9201,8.351732420334454
9202,21.6911743622994
9203,11.43122145519106
9204,11.054219162569403
9205,2.041180718443899
9206,14.955521760588603
9207,16.986961290206096
9208,28.650114001750396
9209,2.370036818690914
9210,17.658034342206108
9211,6.243811491641319
9212,14.530147387649176
9213,1.8115294797663974
9214,8.953255469564889
9215,9.449116894205366
9216,2.6007483933627267
9217,12.03303739895889
9218,3.5151636503861514
9219,5.08747540090403
9220,23.86954553762343
9221,13.889555491925162
9222,4.006685941857182
9223,9.776858010256802
9224,11.541372854109694
9225,7.642398533134487
9226,7.537763250951857
9227,24.329247891393045
9228,2.233392127786388
9229,2.7371029665134934
9230,6.483920432271604
9231,0.0
9232,5.166354530691951
9233,8.2644440112953
9234,5.718606731790921
9235,12.774609168581257
9236,11.987119510105387
9237,10.083183025242606
9238,0.0
9239,0.6932210870941073
9240,9.406884056070947
9241,6.116169772865341
9242,10.353554390139273
9243,5.651050939962104
9244,3.701155528755253
9245,10.752255806425953
9246,6.399380263888465
9247,6.518079113302549
9248,13.514667630013339
9249,3.0716462159235673
9250,10.901012558252596
9251,7.515041965294391
9252,5.440259271976059
9253,16.86989281572781
9254,6.252869869554505
9255,20.651310467422604
9256,0.0
9257,12.539292003216183
9258,4.054698582889125
9259,15.175185754180212
9260,2.7345791233075074
9261,8.462389107584116
9262,13.308861726778693
9263,5.145775272729328
9264,6.938034866831692
9265,22.149287296146234
9266,4.227601453512482
9267,0.0
9268,26.266406555071505
9269,13.362647334318375
9270,6.639794895073453
9271,0.7222020720016253
9272,13.38878665658433
9273,10.876693529347015
9274,2.6253762301528063
9275,5.662871609516406
9276,2.5576388715837766
9277,0.7581236679877179
9278,6.135936224030411
9279,4.185792178441047
9280,11.291016335092166
9281,4.0964675777693
9282,14.241810531704001
9283,6.623420623994295
9284,5.323626858990356
9285,17.05318721886367
9286,6.819273419342824
9287,3.3031069303038665
9288,14.002990266487796
9289,27.592345849974507
9290,15.65801587764233
9291,2.12517447154101
9292,4.237411138624263
9293,8.911746422928003
9294,7.734565485645046
9295,7.353153083102975
9296,11.788951763646468
9297,0.0
9298,7.041952641839121
9299,10.700865900573508
9300,17.738590624201482
9301,21.892829728106832
9302,9.462043497999666
9303,14.788061545661792
9304,16.25539714017918
9305,5.3209423913667475
9306,0.0
9307,3.4887108449991704
9308,7.595866784855763
9309,2.586275259408789
9310,10.820254520834597
9311,9.475492068557843
9312,8.597533730374307
9313,11.46621459177635
9314,9.897541550003499
9315,16.131753610542273
9316,16.477345662450922
9317,6.350126024359675
9318,1.3831203677612898
9319,5.592505638415126
9320,18.097295356128456
9321,4.432797025650817
9322,3.5690027015227184
9323,32.903724262361344
9324,0.0
9325,2.5953413240047203
9326,2.457097460639945
9327,2.283837734966779
9328,0.10741451867436247
9329,13.597776580554825
9330,0.0
9331,12.463630665003176
9332,8.080138227610098
9333,5.05136218950496
9334,14.180263581449935
9335,13.966197872166834
9336,20.43614037060717
9337,10.934052487017906
9338,2.2963863292175377
9339,3.60902118851344
9340,13.134443067444813
9341,5.029709202789146
9342,8.173666729150241
9343,4.23085501553102
9344,3.131601828699237
9345,8.957412354717288
9346,7.20712265177376
9347,3.7030658093784155
9348,6.49424413870754
9349,6.2689118155458265
9350,0.6531007076123867
9351,12.38304581336019
9352,9.902294227087843
9353,8.523538870630397
9354,4.503927245233847
9355,16.570418669308683
9356,7.07356688695752
9357,16.812795553214208
9358,0.0
9359,6.694856962046304
9360,0.0
9361,10.13590993278541
9362,5.012368317943096
9363,24.429768576046357
9364,15.020561767989708
9365,1.349965764501711
9366,22.347685258235344
9367,0.0
9368,6.919361307562387
9369,4.852775762558824
9370,13.573314076527012
9371,8.404663144985651
9372,2.6054073603770043
9373,0.0
9374,5.385612375169296
9375,8.999965420566223
9376,6.088211292224152
9377,9.84162279460207
9378,16.489082865314394
9379,9.934683505596357
9380,0.8582214755190103
9381,4.602731328934487
9382,4.013166206989208
9383,6.954318251085985
9384,21.370381298534376
9385,5.995617735515924
9386,3.638954353784298
9387,4.9736427407684705
9388,13.59018312456788
9389,12.672545310279709
9390,1.9819016806716387
9391,9.350269174529066
9392,8.376749582181958
9393,2.600567133404187
9394,2.8212015340742367
9395,0.0
9396,24.545168000165333
9397,19.61276290930145
9398,4.024737493728261
9399,27.773210629982884
9400,8.07324349538242
9401,4.083196296442255
9402,13.22256561413079
9403,14.588684636962522
9404,13.924991625427348
9405,0.727718778827775
9406,1.5965896757092617
9407,12.566326300153207
9408,9.022935718303959
9409,8.472908926026454
9410,11.708942368038572
9411,15.122754537562198
9412,16.10720740778924
9413,3.827738549283321
9414,11.305923483719237
9415,3.782070447575049
9416,22.38965390063369
9417,5.352241118399162
9418,20.300565818395253
9419,11.902227207226268
9420,41.364339287096925
9421,17.08169735807343
9422,9.291123181782579
9423,15.636722798042253
9424,4.446719581978364
9425,8.681621260211198
9426,8.340386771485875
9427,14.321890520083734
9428,20.235432092879698
9429,5.164270990723169
9430,8.952667484046016
9431,14.381811999293724
9432,11.38228736584531
9433,8.701452926901371
9434,3.031966913723682
9435,2.099325465037383
9436,15.468689786374588
9437,10.587417302771819
9438,15.227528824502526
9439,18.87509720825794
9440,16.701364631901203
9441,6.087274189476397
9442,6.421613422357472
9443,12.599873110510242
9444,3.0999080360852123
9445,6.840648558097568
9446,0.7877059235902433
9447,5.3339468031140616
9448,4.872580632729332
9449,19.406908327398625
9450,10.423988492371068
9451,7.266529601672489
9452,29.228346715692194
9453,0.0
9454,12.191246671133996
9455,9.519485366805132
9456,2.471787507682979
9457,8.460240163439646
9458,0.0
9459,19.90289513400902
9460,4.004388815658895
9461,7.918911256842838
9462,8.058143971947164
9463,14.793566095826487
9464,6.288968145407318
9465,11.282238880549912
9466,15.135559102690271
9467,8.080220944235476
9468,15.461483397941821
9469,2.9346977549549305
9470,1.579233533373424
9471,10.27132605546662
9472,14.172088782451617
9473,4.721589043618714
9474,16.992678837760597
9475,7.150332257292227
9476,1.4145305326510513
9477,16.150414181668637
9478,5.720682977359959
9479,16.96984554313093
9480,10.420818261040285
9481,8.749352005503212
9482,4.831402539035748
9483,2.433513280433882
9484,0.0
9485,11.042552963521633
9486,7.409949754995838
9487,1.2751529158135906
9488,3.1235406085163415
9489,9.459261971099213
9490,3.6684590281104166
9491,9.736591886256086
9492,11.940713826613742
9493,10.010880709163432
9494,8.637026906830597
9495,16.946575865071573
9496,4.329278332198278
9497,7.0585604064918375
9498,1.2403104529622464
9499,0.0
9500,2.5398899859482214
9501,6.894280142049982
9502,3.2762799693824283
9503,6.504402606501082
9504,15.812199627270639
9505,4.506218104719521
9506,9.75610873751986
9507,0.0
9508,15.624425158811036
9509,20.732494465444326
9510,0.0
9511,6.320254527561915
9512,5.454885485427874
9513,5.443447651053547
9514,2.1238768685855414
9515,17.822120589923756
9516,11.500494831965586
9517,4.050356771077047
9518,1.9478738702762985
9519,6.27741408078495
9520,1.9064191372738106
9521,10.236137207418958
9522,6.313340716902895
9523,8.656708862660498
9524,6.0559888138293845
9525,2.7335779134607856
9526,12.631920401707092
9527,6.9903766474057285
9528,15.1826581304899
9529,11.30776367092664
9530,4.283478420345387
9531,7.568419963415101
9532,4.445033005149833
9533,7.924053501166234
9534,0.0
9535,7.084597473988251
9536,10.842777062421227
9537,12.262585018212505
9538,12.464104893293765
9539,14.296341751215284
9540,1.1008441418830852
9541,13.2149658675567
9542,14.683502974809064
9543,5.870225018731312
9544,11.995327315332489
9545,6.35443179329286
9546,5.650803522229731
9547,8.676271302435111
9548,1.2466671458951408
9549,5.7798399635523
9550,7.685595409424666
9551,3.4177087856133905
9552,6.0779782931475
9553,16.23248767133554
9554,1.3243392330720098
9555,11.284761033722836
9556,11.019765929140942
9557,1.45877441702945
9558,4.525786303867297
9559,21.672853811206224
9560,0.0
9561,6.602822132867304
9562,22.27292017459373
9563,1.8245972346844974
9564,2.099468572556665
9565,2.1158423313970465
9566,16.069656526284703
9567,2.3347280400530215
9568,11.361821074380158
9569,8.13962631945997
9570,4.822704218810795
9571,5.356170572023994
9572,0.0
9573,13.551391725049285
9574,10.051704566706576
9575,11.400434359904803
9576,4.087199240434876
9577,5.858255932757341
9578,3.954324295890091
9579,18.81966830756964
9580,10.603296179118942
9581,1.8340156478954297
9582,0.6547002185602357
9583,13.130418713005238
9584,3.938187542334992
9585,11.383881775961171
9586,5.2905787821359915
9587,5.540963631991469
9588,20.65894200948071
9589,5.789740209213672
9590,4.215734511647074
9591,5.285546461512318
9592,8.007976788335544
9593,9.427539603694324
9594,3.753605146728165
9595,12.132549936632198
9596,6.8811815435400305
9597,2.6294180223159307
9598,13.732522471381095
9599,0.0
9600,13.590806115778898
9601,5.681956046953339
9602,0.0
9603,9.174960348041408
9604,10.743303759239215
9605,16.377758762259596
9606,0.0
9607,19.774387854772293
9608,2.090093369689578
9609,7.376888125725479
9610,0.0
9611,8.763620881835475
9612,19.717571689135312
9613,15.538965362782275
9614,6.2315726719096105
9615,9.1488068550628
9616,2.770286548456843
9617,2.0073182235527343
9618,2.4960033771740786
9619,11.22213628579903
9620,3.502700088001623
9621,20.38003518885384
9622,0.8012693643007012
9623,11.033011973662436
9624,7.998244299910597
9625,2.0660244770747163
9626,8.46224623756283
9627,12.19726312822192
9628,3.309862383080336
9629,1.8692988230001788
9630,0.6017285924064524
9631,5.431070912445303
9632,11.827151498658093
9633,5.624796094808783
9634,17.37770643366621
9635,11.92558327567954
9636,2.992391429490919
9637,0.0
9638,17.696583462866045
9639,12.798721971162838
9640,10.423538951931949
9641,7.269186221199162
9642,7.003470236249404
9643,2.7255999097974675
9644,11.296256287012792
9645,16.345376001088333
9646,7.022126377209579
9647,21.92079157871614
9648,8.788048654752345
9649,0.0
9650,5.9396455774768615
9651,6.41174334125213
9652,2.926091176147734
9653,9.248054195425738
9654,16.639827600411536
9655,0.0
9656,5.759442405302034
9657,25.014579231201907
9658,5.3054295672830705
9659,6.785311921930541
9660,12.029815554271838
9661,5.027302344660816
9662,10.414769322161431
9663,0.0
9664,6.217887750973177
9665,0.0
9666,8.369933440924203
9667,4.14359001602579
9668,4.749988272108543
9669,4.584939661064596
9670,3.9014977468121996
9671,5.7520242830101695
9672,13.621055301203604
9673,0.173430295931432
9674,8.265528596444042
9675,18.0588717159549
9676,0.0
9677,10.38012111260941
9678,10.64428709631178
9679,4.896935066054571
9680,11.454281229449414
9681,8.358212303041402
9682,13.851679038712025
9683,9.180444329808621
9684,1.1681069900446186
9685,0.0
9686,18.018867079698285
9687,12.43214075485257
9688,11.307407422941555
9689,5.545043045001194
9690,14.980410452043653
9691,15.989911373882459
9692,2.8257803986835803
9693,3.6158718273655737
9694,18.14185360185537
9695,4.327726921564173
9696,8.861019828185878
9697,2.764837110216323
9698,4.742481297485806
9699,10.472077721180542
9700,7.828859451824023
9701,0.0
9702,16.927333863814603
9703,8.19515985951766
9704,20.47523791322884
9705,3.958412526068429
9706,9.883080870107873
9707,4.324985874777342
9708,3.4378890672037814
9709,6.9209851539839935
9710,10.743424746068618
9711,16.265911040241253
9712,11.47322816345094
9713,9.066839589112872
9714,6.475008890438417
9715,13.103386211070115
9716,5.692392525531484
9717,13.864323383525395
9718,2.141609106199704
9719,1.8337428617403484
9720,1.9526711685509817
9721,3.271764919508378
9722,8.430350233493433
9723,16.3708075426102
9724,6.076032633926792
9725,7.860467742119982
9726,5.819293013957513
9727,8.099125996482577
9728,15.127868127901682
9729,7.840138207581473
9730,0.4643317539646148
9731,4.915600967303023
9732,11.418726101579203
9733,7.610311151658067
9734,1.6593932081057448
9735,0.580866422856154
9736,4.797518007375209
9737,7.237042805298698
9738,8.455055796767562
9739,9.503003022049707
9740,6.934183052931016
9741,9.432088284544594
9742,7.9871859987324605
9743,13.293842216483272
9744,7.725407034967498
9745,9.618789229079324
9746,11.5294145982915
9747,14.609873801145492
9748,11.973968620523472
9749,13.734432520297984
9750,4.131506198697894
9751,6.068283968199555
9752,11.60879678173932
9753,5.193098624783214
9754,2.9756719771950895
9755,7.861974516738197
9756,0.017887450112374026
9757,21.422096759620665
9758,21.72534591512956
9759,9.176836955715968
9760,12.09659518042624
9761,10.007147341737035
9762,16.67368097192355
9763,13.031083497090401
9764,6.779035110485356
9765,7.149455988368157
9766,8.425717227703798
9767,8.299905645410721
9768,10.295630148374524
9769,14.191811430955111
9770,2.336174310262625
9771,8.731952999963404
9772,0.0
9773,2.5017496599336164
9774,8.309640083416888
9775,7.889255156815711
9776,5.677336896401907
9777,5.553053444873099
9778,0.0
9779,9.17045462872115
9780,10.60420476892656
9781,10.875454888879757
9782,20.99228188267194
